work_item_id,project_id,parent_work_item_id,work_item_type,title,state,blocked_flag,created_date,closed_date,story_points
WI-000001,PJ-100-01-01,,Epic,Epic 1 for PJ-100-01-01,In Progress,False,2026-01-15,,
WI-000002,PJ-100-01-01,,Epic,Epic 2 for PJ-100-01-01,In Progress,False,2026-01-15,,
WI-000003,PJ-100-01-01,,Epic,Epic 3 for PJ-100-01-01,Done,False,2026-01-15,,
WI-000004,PJ-100-01-01,WI-000001,Story,Story 1 for PJ-100-01-01,Done,False,2026-03-10,2026-04-24,3
WI-000005,PJ-100-01-01,WI-000003,Story,Story 2 for PJ-100-01-01,Blocked,True,2026-01-12,,5
WI-000006,PJ-100-01-01,WI-000003,Story,Story 3 for PJ-100-01-01,Blocked,True,2026-03-25,,8
WI-000007,PJ-100-01-01,WI-000001,Story,Story 4 for PJ-100-01-01,Ready,False,2026-02-03,,13
WI-000008,PJ-100-01-01,WI-000001,Story,Story 5 for PJ-100-01-01,In Progress,False,2026-03-14,,13
WI-000009,PJ-100-01-01,WI-000002,Story,Story 6 for PJ-100-01-01,Done,False,2026-01-19,2026-03-01,1
WI-000010,PJ-100-01-01,WI-000001,Story,Story 7 for PJ-100-01-01,In Progress,False,2026-04-13,,2
WI-000011,PJ-100-01-01,WI-000001,Story,Story 8 for PJ-100-01-01,Review,False,2026-07-17,,1
WI-000012,PJ-100-01-01,WI-000001,Story,Story 9 for PJ-100-01-01,Ready,False,2026-08-07,,5
WI-000013,PJ-100-01-01,WI-000002,Story,Story 10 for PJ-100-01-01,Review,False,2026-07-19,,13
WI-000014,PJ-100-01-01,WI-000001,Story,Story 11 for PJ-100-01-01,Blocked,True,2026-07-12,,1
WI-000015,PJ-100-01-01,WI-000002,Story,Story 12 for PJ-100-01-01,Review,False,2026-03-18,,13
WI-000016,PJ-100-01-01,WI-000003,Story,Story 13 for PJ-100-01-01,In Progress,False,2026-07-26,,8
WI-000017,PJ-100-01-01,WI-000003,Story,Story 14 for PJ-100-01-01,In Progress,False,2026-02-03,,1
WI-000018,PJ-100-01-01,WI-000003,Story,Story 15 for PJ-100-01-01,In Progress,False,2026-08-02,,2
WI-000019,PJ-100-01-02,,Epic,Epic 1 for PJ-100-01-02,In Progress,False,2026-01-15,,
WI-000020,PJ-100-01-02,,Epic,Epic 2 for PJ-100-01-02,In Progress,False,2026-01-15,,
WI-000021,PJ-100-01-02,,Epic,Epic 3 for PJ-100-01-02,In Progress,False,2026-01-15,,
WI-000022,PJ-100-01-02,WI-000021,Story,Story 1 for PJ-100-01-02,In Progress,False,2026-05-02,,8
WI-000023,PJ-100-01-02,WI-000020,Story,Story 2 for PJ-100-01-02,Backlog,False,2026-04-19,,3
WI-000024,PJ-100-01-02,WI-000020,Story,Story 3 for PJ-100-01-02,Ready,False,2026-06-07,,13
WI-000025,PJ-100-01-02,WI-000019,Story,Story 4 for PJ-100-01-02,Backlog,False,2026-04-20,,8
WI-000026,PJ-100-01-02,WI-000021,Story,Story 5 for PJ-100-01-02,Review,False,2026-03-29,,2
WI-000027,PJ-100-01-02,WI-000021,Story,Story 6 for PJ-100-01-02,Blocked,True,2026-06-15,,2
WI-000028,PJ-100-01-02,WI-000021,Story,Story 7 for PJ-100-01-02,Review,False,2026-08-27,,13
WI-000029,PJ-100-01-02,WI-000020,Story,Story 8 for PJ-100-01-02,Done,False,2026-06-15,2026-06-23,5
WI-000030,PJ-100-01-02,WI-000020,Story,Story 9 for PJ-100-01-02,Backlog,False,2026-04-22,,3
WI-000031,PJ-100-01-02,WI-000021,Story,Story 10 for PJ-100-01-02,Ready,False,2026-02-08,,3
WI-000032,PJ-100-01-02,WI-000021,Story,Story 11 for PJ-100-01-02,Ready,False,2026-08-04,,5
WI-000033,PJ-100-01-02,WI-000021,Story,Story 12 for PJ-100-01-02,Done,False,2026-03-17,2026-03-23,1
WI-000034,PJ-100-01-02,WI-000021,Story,Story 13 for PJ-100-01-02,Backlog,False,2026-08-23,,1
WI-000035,PJ-100-01-02,WI-000020,Story,Story 14 for PJ-100-01-02,Review,False,2026-05-11,,1
WI-000036,PJ-100-01-02,WI-000021,Story,Story 15 for PJ-100-01-02,Blocked,True,2026-04-29,,8
WI-000037,PJ-100-01-03,,Epic,Epic 1 for PJ-100-01-03,In Progress,False,2026-01-15,,
WI-000038,PJ-100-01-03,,Epic,Epic 2 for PJ-100-01-03,In Progress,False,2026-01-15,,
WI-000039,PJ-100-01-03,,Epic,Epic 3 for PJ-100-01-03,In Progress,False,2026-01-15,,
WI-000040,PJ-100-01-03,WI-000039,Story,Story 1 for PJ-100-01-03,Backlog,False,2026-05-30,,1
WI-000041,PJ-100-01-03,WI-000039,Story,Story 2 for PJ-100-01-03,Blocked,True,2026-01-30,,5
WI-000042,PJ-100-01-03,WI-000038,Story,Story 3 for PJ-100-01-03,Ready,False,2026-02-15,,1
WI-000043,PJ-100-01-03,WI-000039,Story,Story 4 for PJ-100-01-03,Review,False,2026-01-22,,3
WI-000044,PJ-100-01-03,WI-000039,Story,Story 5 for PJ-100-01-03,Done,False,2026-03-22,2026-04-23,5
WI-000045,PJ-100-01-03,WI-000038,Story,Story 6 for PJ-100-01-03,In Progress,False,2026-06-09,,2
WI-000046,PJ-100-01-03,WI-000037,Story,Story 7 for PJ-100-01-03,Ready,False,2026-02-24,,13
WI-000047,PJ-100-01-03,WI-000039,Story,Story 8 for PJ-100-01-03,In Progress,False,2026-06-04,,1
WI-000048,PJ-100-01-03,WI-000037,Story,Story 9 for PJ-100-01-03,Done,False,2026-04-22,2026-04-26,5
WI-000049,PJ-100-01-03,WI-000037,Story,Story 10 for PJ-100-01-03,Backlog,False,2026-01-30,,13
WI-000050,PJ-100-01-03,WI-000039,Story,Story 11 for PJ-100-01-03,Review,False,2026-05-03,,5
WI-000051,PJ-100-01-03,WI-000039,Story,Story 12 for PJ-100-01-03,Blocked,True,2026-08-11,,8
WI-000052,PJ-100-01-03,WI-000038,Story,Story 13 for PJ-100-01-03,Review,False,2026-07-05,,8
WI-000053,PJ-100-01-03,WI-000039,Story,Story 14 for PJ-100-01-03,Done,False,2026-07-28,2026-08-23,13
WI-000054,PJ-100-01-03,WI-000038,Story,Story 15 for PJ-100-01-03,Blocked,True,2026-06-26,,3
WI-000055,PJ-100-01-04,,Epic,Epic 1 for PJ-100-01-04,Backlog,False,2026-01-15,,
WI-000056,PJ-100-01-04,,Epic,Epic 2 for PJ-100-01-04,Backlog,False,2026-01-15,,
WI-000057,PJ-100-01-04,,Epic,Epic 3 for PJ-100-01-04,Backlog,False,2026-01-15,,
WI-000058,PJ-100-01-04,WI-000055,Story,Story 1 for PJ-100-01-04,Ready,False,2026-01-04,,1
WI-000059,PJ-100-01-04,WI-000055,Story,Story 2 for PJ-100-01-04,Ready,False,2026-06-28,,2
WI-000060,PJ-100-01-04,WI-000055,Story,Story 3 for PJ-100-01-04,Blocked,True,2026-05-04,,13
WI-000061,PJ-100-01-04,WI-000057,Story,Story 4 for PJ-100-01-04,Review,False,2026-03-03,,8
WI-000062,PJ-100-01-04,WI-000056,Story,Story 5 for PJ-100-01-04,Backlog,False,2026-02-18,,5
WI-000063,PJ-100-01-04,WI-000056,Story,Story 6 for PJ-100-01-04,Review,False,2026-02-07,,1
WI-000064,PJ-100-01-04,WI-000055,Story,Story 7 for PJ-100-01-04,Ready,False,2026-01-30,,13
WI-000065,PJ-100-01-04,WI-000056,Story,Story 8 for PJ-100-01-04,Review,False,2026-06-29,,5
WI-000066,PJ-100-01-04,WI-000057,Story,Story 9 for PJ-100-01-04,Review,False,2026-01-06,,2
WI-000067,PJ-100-01-04,WI-000057,Story,Story 10 for PJ-100-01-04,In Progress,False,2026-02-21,,5
WI-000068,PJ-100-01-04,WI-000055,Story,Story 11 for PJ-100-01-04,In Progress,False,2026-01-14,,1
WI-000069,PJ-100-01-04,WI-000056,Story,Story 12 for PJ-100-01-04,Blocked,True,2026-06-11,,5
WI-000070,PJ-100-01-04,WI-000057,Story,Story 13 for PJ-100-01-04,Review,False,2026-08-06,,8
WI-000071,PJ-100-01-04,WI-000057,Story,Story 14 for PJ-100-01-04,Blocked,True,2026-06-02,,3
WI-000072,PJ-100-01-04,WI-000056,Story,Story 15 for PJ-100-01-04,Review,False,2026-01-10,,5
WI-000073,PJ-100-01-05,,Epic,Epic 1 for PJ-100-01-05,Done,False,2026-01-15,,
WI-000074,PJ-100-01-05,,Epic,Epic 2 for PJ-100-01-05,Done,False,2026-01-15,,
WI-000075,PJ-100-01-05,,Epic,Epic 3 for PJ-100-01-05,Done,False,2026-01-15,,
WI-000076,PJ-100-01-05,WI-000074,Story,Story 1 for PJ-100-01-05,Blocked,True,2026-06-06,,2
WI-000077,PJ-100-01-05,WI-000075,Story,Story 2 for PJ-100-01-05,Backlog,False,2026-07-02,,1
WI-000078,PJ-100-01-05,WI-000075,Story,Story 3 for PJ-100-01-05,Done,False,2026-04-19,2026-05-12,1
WI-000079,PJ-100-01-05,WI-000074,Story,Story 4 for PJ-100-01-05,Blocked,True,2026-03-10,,5
WI-000080,PJ-100-01-05,WI-000075,Story,Story 5 for PJ-100-01-05,Review,False,2026-01-30,,13
WI-000081,PJ-100-01-05,WI-000075,Story,Story 6 for PJ-100-01-05,Review,False,2026-03-30,,5
WI-000082,PJ-100-01-05,WI-000074,Story,Story 7 for PJ-100-01-05,Ready,False,2026-01-06,,13
WI-000083,PJ-100-01-05,WI-000074,Story,Story 8 for PJ-100-01-05,Review,False,2026-02-19,,5
WI-000084,PJ-100-01-05,WI-000075,Story,Story 9 for PJ-100-01-05,Done,False,2026-03-01,2026-03-18,13
WI-000085,PJ-100-01-05,WI-000074,Story,Story 10 for PJ-100-01-05,Done,False,2026-03-28,2026-05-12,2
WI-000086,PJ-100-01-05,WI-000075,Story,Story 11 for PJ-100-01-05,In Progress,False,2026-08-15,,13
WI-000087,PJ-100-01-05,WI-000075,Story,Story 12 for PJ-100-01-05,Review,False,2026-04-10,,13
WI-000088,PJ-100-01-05,WI-000074,Story,Story 13 for PJ-100-01-05,In Progress,False,2026-07-08,,2
WI-000089,PJ-100-01-05,WI-000074,Story,Story 14 for PJ-100-01-05,Ready,False,2026-06-09,,13
WI-000090,PJ-100-01-05,WI-000075,Story,Story 15 for PJ-100-01-05,Backlog,False,2026-07-11,,5
WI-000091,PJ-100-02-01,,Epic,Epic 1 for PJ-100-02-01,Backlog,False,2026-01-15,,
WI-000092,PJ-100-02-01,,Epic,Epic 2 for PJ-100-02-01,Backlog,False,2026-01-15,,
WI-000093,PJ-100-02-01,,Epic,Epic 3 for PJ-100-02-01,Backlog,False,2026-01-15,,
WI-000094,PJ-100-02-01,WI-000091,Story,Story 1 for PJ-100-02-01,Done,False,2026-02-10,2026-03-16,5
WI-000095,PJ-100-02-01,WI-000091,Story,Story 2 for PJ-100-02-01,In Progress,False,2026-05-07,,2
WI-000096,PJ-100-02-01,WI-000091,Story,Story 3 for PJ-100-02-01,Backlog,False,2026-05-23,,3
WI-000097,PJ-100-02-01,WI-000092,Story,Story 4 for PJ-100-02-01,In Progress,False,2026-08-14,,13
WI-000098,PJ-100-02-01,WI-000093,Story,Story 5 for PJ-100-02-01,Ready,False,2026-02-10,,1
WI-000099,PJ-100-02-01,WI-000092,Story,Story 6 for PJ-100-02-01,Backlog,False,2026-07-26,,5
WI-000100,PJ-100-02-01,WI-000091,Story,Story 7 for PJ-100-02-01,Done,False,2026-01-30,2026-02-16,8
WI-000101,PJ-100-02-01,WI-000092,Story,Story 8 for PJ-100-02-01,Review,False,2026-02-27,,3
WI-000102,PJ-100-02-01,WI-000091,Story,Story 9 for PJ-100-02-01,In Progress,False,2026-07-20,,8
WI-000103,PJ-100-02-01,WI-000093,Story,Story 10 for PJ-100-02-01,Ready,False,2026-03-10,,8
WI-000104,PJ-100-02-01,WI-000091,Story,Story 11 for PJ-100-02-01,Blocked,True,2026-06-04,,13
WI-000105,PJ-100-02-01,WI-000092,Story,Story 12 for PJ-100-02-01,Review,False,2026-01-13,,1
WI-000106,PJ-100-02-01,WI-000091,Story,Story 13 for PJ-100-02-01,Done,False,2026-01-28,2026-03-11,8
WI-000107,PJ-100-02-01,WI-000091,Story,Story 14 for PJ-100-02-01,Done,False,2026-01-11,2026-01-20,13
WI-000108,PJ-100-02-01,WI-000092,Story,Story 15 for PJ-100-02-01,Ready,False,2026-01-31,,2
WI-000109,PJ-100-02-02,,Epic,Epic 1 for PJ-100-02-02,Done,False,2026-01-15,,
WI-000110,PJ-100-02-02,,Epic,Epic 2 for PJ-100-02-02,In Progress,False,2026-01-15,,
WI-000111,PJ-100-02-02,,Epic,Epic 3 for PJ-100-02-02,Done,False,2026-01-15,,
WI-000112,PJ-100-02-02,WI-000111,Story,Story 1 for PJ-100-02-02,Done,False,2026-04-24,2026-05-28,1
WI-000113,PJ-100-02-02,WI-000110,Story,Story 2 for PJ-100-02-02,Blocked,True,2026-02-09,,3
WI-000114,PJ-100-02-02,WI-000109,Story,Story 3 for PJ-100-02-02,Ready,False,2026-07-29,,2
WI-000115,PJ-100-02-02,WI-000109,Story,Story 4 for PJ-100-02-02,Review,False,2026-04-23,,2
WI-000116,PJ-100-02-02,WI-000110,Story,Story 5 for PJ-100-02-02,Review,False,2026-08-02,,3
WI-000117,PJ-100-02-02,WI-000109,Story,Story 6 for PJ-100-02-02,Ready,False,2026-05-10,,3
WI-000118,PJ-100-02-02,WI-000110,Story,Story 7 for PJ-100-02-02,Blocked,True,2026-04-06,,3
WI-000119,PJ-100-02-02,WI-000109,Story,Story 8 for PJ-100-02-02,Blocked,True,2026-06-11,,2
WI-000120,PJ-100-02-02,WI-000109,Story,Story 9 for PJ-100-02-02,Done,False,2026-07-12,2026-08-10,2
WI-000121,PJ-100-02-02,WI-000110,Story,Story 10 for PJ-100-02-02,Review,False,2026-07-25,,5
WI-000122,PJ-100-02-02,WI-000111,Story,Story 11 for PJ-100-02-02,Review,False,2026-08-18,,13
WI-000123,PJ-100-02-02,WI-000110,Story,Story 12 for PJ-100-02-02,Backlog,False,2026-04-03,,2
WI-000124,PJ-100-02-02,WI-000111,Story,Story 13 for PJ-100-02-02,Backlog,False,2026-07-17,,8
WI-000125,PJ-100-02-02,WI-000110,Story,Story 14 for PJ-100-02-02,Backlog,False,2026-01-18,,3
WI-000126,PJ-100-02-02,WI-000110,Story,Story 15 for PJ-100-02-02,Ready,False,2026-04-13,,1
WI-000127,PJ-100-02-03,,Epic,Epic 1 for PJ-100-02-03,In Progress,False,2026-01-15,,
WI-000128,PJ-100-02-03,,Epic,Epic 2 for PJ-100-02-03,Backlog,False,2026-01-15,,
WI-000129,PJ-100-02-03,,Epic,Epic 3 for PJ-100-02-03,Done,False,2026-01-15,,
WI-000130,PJ-100-02-03,WI-000127,Story,Story 1 for PJ-100-02-03,Blocked,True,2026-08-25,,8
WI-000131,PJ-100-02-03,WI-000129,Story,Story 2 for PJ-100-02-03,Blocked,True,2026-01-15,,13
WI-000132,PJ-100-02-03,WI-000128,Story,Story 3 for PJ-100-02-03,Done,False,2026-08-13,2026-09-03,5
WI-000133,PJ-100-02-03,WI-000129,Story,Story 4 for PJ-100-02-03,Blocked,True,2026-08-15,,8
WI-000134,PJ-100-02-03,WI-000129,Story,Story 5 for PJ-100-02-03,In Progress,False,2026-08-12,,13
WI-000135,PJ-100-02-03,WI-000127,Story,Story 6 for PJ-100-02-03,In Progress,False,2026-03-22,,3
WI-000136,PJ-100-02-03,WI-000127,Story,Story 7 for PJ-100-02-03,Done,False,2026-08-19,2026-09-30,13
WI-000137,PJ-100-02-03,WI-000129,Story,Story 8 for PJ-100-02-03,Review,False,2026-04-14,,2
WI-000138,PJ-100-02-03,WI-000129,Story,Story 9 for PJ-100-02-03,Done,False,2026-08-16,2026-09-27,13
WI-000139,PJ-100-02-03,WI-000128,Story,Story 10 for PJ-100-02-03,Blocked,True,2026-04-24,,13
WI-000140,PJ-100-02-03,WI-000128,Story,Story 11 for PJ-100-02-03,Ready,False,2026-04-14,,1
WI-000141,PJ-100-02-03,WI-000128,Story,Story 12 for PJ-100-02-03,Done,False,2026-01-10,2026-02-03,13
WI-000142,PJ-100-02-03,WI-000127,Story,Story 13 for PJ-100-02-03,Blocked,True,2026-07-04,,8
WI-000143,PJ-100-02-03,WI-000127,Story,Story 14 for PJ-100-02-03,In Progress,False,2026-05-19,,1
WI-000144,PJ-100-02-03,WI-000129,Story,Story 15 for PJ-100-02-03,Done,False,2026-05-11,2026-06-02,3
WI-000145,PJ-100-02-04,,Epic,Epic 1 for PJ-100-02-04,Done,False,2026-01-15,,
WI-000146,PJ-100-02-04,,Epic,Epic 2 for PJ-100-02-04,Backlog,False,2026-01-15,,
WI-000147,PJ-100-02-04,,Epic,Epic 3 for PJ-100-02-04,Backlog,False,2026-01-15,,
WI-000148,PJ-100-02-04,WI-000146,Story,Story 1 for PJ-100-02-04,Done,False,2026-01-08,2026-02-17,2
WI-000149,PJ-100-02-04,WI-000147,Story,Story 2 for PJ-100-02-04,In Progress,False,2026-08-02,,5
WI-000150,PJ-100-02-04,WI-000147,Story,Story 3 for PJ-100-02-04,Backlog,False,2026-05-10,,1
WI-000151,PJ-100-02-04,WI-000146,Story,Story 4 for PJ-100-02-04,In Progress,False,2026-08-04,,13
WI-000152,PJ-100-02-04,WI-000145,Story,Story 5 for PJ-100-02-04,In Progress,False,2026-05-10,,1
WI-000153,PJ-100-02-04,WI-000145,Story,Story 6 for PJ-100-02-04,Blocked,True,2026-07-13,,5
WI-000154,PJ-100-02-04,WI-000146,Story,Story 7 for PJ-100-02-04,Done,False,2026-03-18,2026-03-21,3
WI-000155,PJ-100-02-04,WI-000147,Story,Story 8 for PJ-100-02-04,Blocked,True,2026-03-02,,8
WI-000156,PJ-100-02-04,WI-000147,Story,Story 9 for PJ-100-02-04,Blocked,True,2026-07-02,,8
WI-000157,PJ-100-02-04,WI-000146,Story,Story 10 for PJ-100-02-04,Done,False,2026-08-05,2026-08-22,3
WI-000158,PJ-100-02-04,WI-000147,Story,Story 11 for PJ-100-02-04,Blocked,True,2026-03-14,,8
WI-000159,PJ-100-02-04,WI-000147,Story,Story 12 for PJ-100-02-04,Ready,False,2026-06-22,,5
WI-000160,PJ-100-02-04,WI-000145,Story,Story 13 for PJ-100-02-04,Blocked,True,2026-05-14,,1
WI-000161,PJ-100-02-04,WI-000145,Story,Story 14 for PJ-100-02-04,Done,False,2026-03-25,2026-05-04,3
WI-000162,PJ-100-02-04,WI-000145,Story,Story 15 for PJ-100-02-04,Backlog,False,2026-04-27,,13
WI-000163,PJ-100-02-05,,Epic,Epic 1 for PJ-100-02-05,In Progress,False,2026-01-15,,
WI-000164,PJ-100-02-05,,Epic,Epic 2 for PJ-100-02-05,In Progress,False,2026-01-15,,
WI-000165,PJ-100-02-05,,Epic,Epic 3 for PJ-100-02-05,Backlog,False,2026-01-15,,
WI-000166,PJ-100-02-05,WI-000164,Story,Story 1 for PJ-100-02-05,Backlog,False,2026-01-24,,2
WI-000167,PJ-100-02-05,WI-000164,Story,Story 2 for PJ-100-02-05,Ready,False,2026-05-02,,1
WI-000168,PJ-100-02-05,WI-000165,Story,Story 3 for PJ-100-02-05,Blocked,True,2026-04-05,,5
WI-000169,PJ-100-02-05,WI-000164,Story,Story 4 for PJ-100-02-05,Done,False,2026-05-31,2026-07-06,3
WI-000170,PJ-100-02-05,WI-000165,Story,Story 5 for PJ-100-02-05,Review,False,2026-05-30,,5
WI-000171,PJ-100-02-05,WI-000164,Story,Story 6 for PJ-100-02-05,Blocked,True,2026-04-23,,13
WI-000172,PJ-100-02-05,WI-000163,Story,Story 7 for PJ-100-02-05,Ready,False,2026-04-17,,8
WI-000173,PJ-100-02-05,WI-000165,Story,Story 8 for PJ-100-02-05,Review,False,2026-02-02,,5
WI-000174,PJ-100-02-05,WI-000165,Story,Story 9 for PJ-100-02-05,Blocked,True,2026-02-03,,8
WI-000175,PJ-100-02-05,WI-000163,Story,Story 10 for PJ-100-02-05,Blocked,True,2026-01-31,,5
WI-000176,PJ-100-02-05,WI-000165,Story,Story 11 for PJ-100-02-05,Backlog,False,2026-05-02,,2
WI-000177,PJ-100-02-05,WI-000163,Story,Story 12 for PJ-100-02-05,In Progress,False,2026-05-24,,8
WI-000178,PJ-100-02-05,WI-000163,Story,Story 13 for PJ-100-02-05,Review,False,2026-08-07,,1
WI-000179,PJ-100-02-05,WI-000163,Story,Story 14 for PJ-100-02-05,Done,False,2026-04-05,2026-04-26,8
WI-000180,PJ-100-02-05,WI-000164,Story,Story 15 for PJ-100-02-05,Backlog,False,2026-02-09,,3
WI-000181,PJ-100-03-01,,Epic,Epic 1 for PJ-100-03-01,In Progress,False,2026-01-15,,
WI-000182,PJ-100-03-01,,Epic,Epic 2 for PJ-100-03-01,In Progress,False,2026-01-15,,
WI-000183,PJ-100-03-01,,Epic,Epic 3 for PJ-100-03-01,In Progress,False,2026-01-15,,
WI-000184,PJ-100-03-01,WI-000181,Story,Story 1 for PJ-100-03-01,Backlog,False,2026-05-05,,2
WI-000185,PJ-100-03-01,WI-000181,Story,Story 2 for PJ-100-03-01,Done,False,2026-07-20,2026-08-18,3
WI-000186,PJ-100-03-01,WI-000181,Story,Story 3 for PJ-100-03-01,In Progress,False,2026-08-16,,2
WI-000187,PJ-100-03-01,WI-000182,Story,Story 4 for PJ-100-03-01,Blocked,True,2026-07-29,,1
WI-000188,PJ-100-03-01,WI-000181,Story,Story 5 for PJ-100-03-01,Done,False,2026-02-01,2026-02-26,1
WI-000189,PJ-100-03-01,WI-000183,Story,Story 6 for PJ-100-03-01,Review,False,2026-04-17,,3
WI-000190,PJ-100-03-01,WI-000182,Story,Story 7 for PJ-100-03-01,Review,False,2026-05-25,,5
WI-000191,PJ-100-03-01,WI-000183,Story,Story 8 for PJ-100-03-01,Blocked,True,2026-05-02,,2
WI-000192,PJ-100-03-01,WI-000183,Story,Story 9 for PJ-100-03-01,Ready,False,2026-07-15,,13
WI-000193,PJ-100-03-01,WI-000183,Story,Story 10 for PJ-100-03-01,Review,False,2026-04-28,,5
WI-000194,PJ-100-03-01,WI-000182,Story,Story 11 for PJ-100-03-01,Blocked,True,2026-02-08,,1
WI-000195,PJ-100-03-01,WI-000183,Story,Story 12 for PJ-100-03-01,Done,False,2026-07-24,2026-09-07,5
WI-000196,PJ-100-03-01,WI-000182,Story,Story 13 for PJ-100-03-01,Ready,False,2026-04-10,,3
WI-000197,PJ-100-03-01,WI-000183,Story,Story 14 for PJ-100-03-01,Backlog,False,2026-05-19,,5
WI-000198,PJ-100-03-01,WI-000183,Story,Story 15 for PJ-100-03-01,In Progress,False,2026-07-08,,1
WI-000199,PJ-100-03-02,,Epic,Epic 1 for PJ-100-03-02,Backlog,False,2026-01-15,,
WI-000200,PJ-100-03-02,,Epic,Epic 2 for PJ-100-03-02,Done,False,2026-01-15,,
WI-000201,PJ-100-03-02,,Epic,Epic 3 for PJ-100-03-02,Backlog,False,2026-01-15,,
WI-000202,PJ-100-03-02,WI-000201,Story,Story 1 for PJ-100-03-02,Blocked,True,2026-05-27,,3
WI-000203,PJ-100-03-02,WI-000199,Story,Story 2 for PJ-100-03-02,Blocked,True,2026-05-24,,13
WI-000204,PJ-100-03-02,WI-000199,Story,Story 3 for PJ-100-03-02,Backlog,False,2026-05-24,,8
WI-000205,PJ-100-03-02,WI-000201,Story,Story 4 for PJ-100-03-02,Done,False,2026-05-19,2026-05-25,8
WI-000206,PJ-100-03-02,WI-000201,Story,Story 5 for PJ-100-03-02,Review,False,2026-02-18,,1
WI-000207,PJ-100-03-02,WI-000201,Story,Story 6 for PJ-100-03-02,Blocked,True,2026-01-31,,2
WI-000208,PJ-100-03-02,WI-000199,Story,Story 7 for PJ-100-03-02,In Progress,False,2026-01-05,,2
WI-000209,PJ-100-03-02,WI-000201,Story,Story 8 for PJ-100-03-02,Blocked,True,2026-08-01,,5
WI-000210,PJ-100-03-02,WI-000200,Story,Story 9 for PJ-100-03-02,Done,False,2026-01-22,2026-03-04,5
WI-000211,PJ-100-03-02,WI-000200,Story,Story 10 for PJ-100-03-02,Backlog,False,2026-05-31,,1
WI-000212,PJ-100-03-02,WI-000199,Story,Story 11 for PJ-100-03-02,Review,False,2026-03-29,,5
WI-000213,PJ-100-03-02,WI-000200,Story,Story 12 for PJ-100-03-02,Done,False,2026-01-07,2026-01-30,3
WI-000214,PJ-100-03-02,WI-000199,Story,Story 13 for PJ-100-03-02,Backlog,False,2026-01-24,,8
WI-000215,PJ-100-03-02,WI-000199,Story,Story 14 for PJ-100-03-02,In Progress,False,2026-02-13,,2
WI-000216,PJ-100-03-02,WI-000199,Story,Story 15 for PJ-100-03-02,Backlog,False,2026-03-07,,3
WI-000217,PJ-100-03-03,,Epic,Epic 1 for PJ-100-03-03,In Progress,False,2026-01-15,,
WI-000218,PJ-100-03-03,,Epic,Epic 2 for PJ-100-03-03,Done,False,2026-01-15,,
WI-000219,PJ-100-03-03,,Epic,Epic 3 for PJ-100-03-03,Backlog,False,2026-01-15,,
WI-000220,PJ-100-03-03,WI-000217,Story,Story 1 for PJ-100-03-03,Done,False,2026-01-16,2026-02-08,1
WI-000221,PJ-100-03-03,WI-000218,Story,Story 2 for PJ-100-03-03,Backlog,False,2026-07-02,,5
WI-000222,PJ-100-03-03,WI-000217,Story,Story 3 for PJ-100-03-03,In Progress,False,2026-01-26,,5
WI-000223,PJ-100-03-03,WI-000218,Story,Story 4 for PJ-100-03-03,In Progress,False,2026-08-17,,5
WI-000224,PJ-100-03-03,WI-000217,Story,Story 5 for PJ-100-03-03,Backlog,False,2026-07-31,,2
WI-000225,PJ-100-03-03,WI-000217,Story,Story 6 for PJ-100-03-03,Done,False,2026-03-03,2026-04-12,5
WI-000226,PJ-100-03-03,WI-000217,Story,Story 7 for PJ-100-03-03,Done,False,2026-05-11,2026-06-07,3
WI-000227,PJ-100-03-03,WI-000218,Story,Story 8 for PJ-100-03-03,In Progress,False,2026-01-16,,8
WI-000228,PJ-100-03-03,WI-000218,Story,Story 9 for PJ-100-03-03,Backlog,False,2026-04-15,,1
WI-000229,PJ-100-03-03,WI-000217,Story,Story 10 for PJ-100-03-03,Blocked,True,2026-04-15,,1
WI-000230,PJ-100-03-03,WI-000219,Story,Story 11 for PJ-100-03-03,Done,False,2026-03-10,2026-04-19,1
WI-000231,PJ-100-03-03,WI-000217,Story,Story 12 for PJ-100-03-03,Done,False,2026-03-05,2026-04-18,3
WI-000232,PJ-100-03-03,WI-000218,Story,Story 13 for PJ-100-03-03,Review,False,2026-05-26,,1
WI-000233,PJ-100-03-03,WI-000219,Story,Story 14 for PJ-100-03-03,Blocked,True,2026-08-05,,2
WI-000234,PJ-100-03-03,WI-000218,Story,Story 15 for PJ-100-03-03,Ready,False,2026-07-20,,8
WI-000235,PJ-100-03-04,,Epic,Epic 1 for PJ-100-03-04,Backlog,False,2026-01-15,,
WI-000236,PJ-100-03-04,,Epic,Epic 2 for PJ-100-03-04,Backlog,False,2026-01-15,,
WI-000237,PJ-100-03-04,,Epic,Epic 3 for PJ-100-03-04,Done,False,2026-01-15,,
WI-000238,PJ-100-03-04,WI-000235,Story,Story 1 for PJ-100-03-04,Done,False,2026-04-19,2026-05-20,1
WI-000239,PJ-100-03-04,WI-000237,Story,Story 2 for PJ-100-03-04,Review,False,2026-07-28,,3
WI-000240,PJ-100-03-04,WI-000235,Story,Story 3 for PJ-100-03-04,Ready,False,2026-06-17,,1
WI-000241,PJ-100-03-04,WI-000236,Story,Story 4 for PJ-100-03-04,Review,False,2026-08-27,,8
WI-000242,PJ-100-03-04,WI-000236,Story,Story 5 for PJ-100-03-04,Blocked,True,2026-03-06,,3
WI-000243,PJ-100-03-04,WI-000235,Story,Story 6 for PJ-100-03-04,Blocked,True,2026-08-04,,8
WI-000244,PJ-100-03-04,WI-000235,Story,Story 7 for PJ-100-03-04,Done,False,2026-08-04,2026-08-25,2
WI-000245,PJ-100-03-04,WI-000235,Story,Story 8 for PJ-100-03-04,Done,False,2026-07-09,2026-08-17,3
WI-000246,PJ-100-03-04,WI-000237,Story,Story 9 for PJ-100-03-04,Review,False,2026-01-23,,1
WI-000247,PJ-100-03-04,WI-000237,Story,Story 10 for PJ-100-03-04,Ready,False,2026-08-01,,8
WI-000248,PJ-100-03-04,WI-000235,Story,Story 11 for PJ-100-03-04,Review,False,2026-03-13,,8
WI-000249,PJ-100-03-04,WI-000237,Story,Story 12 for PJ-100-03-04,In Progress,False,2026-05-10,,3
WI-000250,PJ-100-03-04,WI-000237,Story,Story 13 for PJ-100-03-04,In Progress,False,2026-06-12,,5
WI-000251,PJ-100-03-04,WI-000237,Story,Story 14 for PJ-100-03-04,Ready,False,2026-03-11,,3
WI-000252,PJ-100-03-04,WI-000236,Story,Story 15 for PJ-100-03-04,Ready,False,2026-03-29,,8
WI-000253,PJ-100-03-05,,Epic,Epic 1 for PJ-100-03-05,In Progress,False,2026-01-15,,
WI-000254,PJ-100-03-05,,Epic,Epic 2 for PJ-100-03-05,Backlog,False,2026-01-15,,
WI-000255,PJ-100-03-05,,Epic,Epic 3 for PJ-100-03-05,Done,False,2026-01-15,,
WI-000256,PJ-100-03-05,WI-000253,Story,Story 1 for PJ-100-03-05,Blocked,True,2026-02-04,,8
WI-000257,PJ-100-03-05,WI-000253,Story,Story 2 for PJ-100-03-05,Backlog,False,2026-05-02,,13
WI-000258,PJ-100-03-05,WI-000255,Story,Story 3 for PJ-100-03-05,Review,False,2026-02-14,,13
WI-000259,PJ-100-03-05,WI-000254,Story,Story 4 for PJ-100-03-05,Review,False,2026-06-30,,8
WI-000260,PJ-100-03-05,WI-000255,Story,Story 5 for PJ-100-03-05,Blocked,True,2026-01-21,,1
WI-000261,PJ-100-03-05,WI-000255,Story,Story 6 for PJ-100-03-05,Backlog,False,2026-05-18,,5
WI-000262,PJ-100-03-05,WI-000254,Story,Story 7 for PJ-100-03-05,Backlog,False,2026-06-22,,5
WI-000263,PJ-100-03-05,WI-000254,Story,Story 8 for PJ-100-03-05,Done,False,2026-07-31,2026-08-25,2
WI-000264,PJ-100-03-05,WI-000253,Story,Story 9 for PJ-100-03-05,Blocked,True,2026-08-03,,1
WI-000265,PJ-100-03-05,WI-000253,Story,Story 10 for PJ-100-03-05,In Progress,False,2026-04-29,,5
WI-000266,PJ-100-03-05,WI-000255,Story,Story 11 for PJ-100-03-05,Ready,False,2026-01-03,,1
WI-000267,PJ-100-03-05,WI-000255,Story,Story 12 for PJ-100-03-05,In Progress,False,2026-07-14,,13
WI-000268,PJ-100-03-05,WI-000253,Story,Story 13 for PJ-100-03-05,Ready,False,2026-04-02,,8
WI-000269,PJ-100-03-05,WI-000255,Story,Story 14 for PJ-100-03-05,In Progress,False,2026-06-10,,2
WI-000270,PJ-100-03-05,WI-000254,Story,Story 15 for PJ-100-03-05,Review,False,2026-03-01,,1
WI-000271,PJ-200-01-01,,Epic,Epic 1 for PJ-200-01-01,In Progress,False,2026-01-15,,
WI-000272,PJ-200-01-01,,Epic,Epic 2 for PJ-200-01-01,In Progress,False,2026-01-15,,
WI-000273,PJ-200-01-01,,Epic,Epic 3 for PJ-200-01-01,Done,False,2026-01-15,,
WI-000274,PJ-200-01-01,WI-000271,Story,Story 1 for PJ-200-01-01,Done,False,2026-06-30,2026-07-16,2
WI-000275,PJ-200-01-01,WI-000272,Story,Story 2 for PJ-200-01-01,Blocked,True,2026-07-30,,1
WI-000276,PJ-200-01-01,WI-000273,Story,Story 3 for PJ-200-01-01,In Progress,False,2026-08-11,,8
WI-000277,PJ-200-01-01,WI-000273,Story,Story 4 for PJ-200-01-01,Ready,False,2026-05-07,,2
WI-000278,PJ-200-01-01,WI-000273,Story,Story 5 for PJ-200-01-01,Blocked,True,2026-06-18,,13
WI-000279,PJ-200-01-01,WI-000271,Story,Story 6 for PJ-200-01-01,Done,False,2026-06-24,2026-08-02,1
WI-000280,PJ-200-01-01,WI-000273,Story,Story 7 for PJ-200-01-01,Ready,False,2026-05-31,,1
WI-000281,PJ-200-01-01,WI-000273,Story,Story 8 for PJ-200-01-01,In Progress,False,2026-02-02,,2
WI-000282,PJ-200-01-01,WI-000271,Story,Story 9 for PJ-200-01-01,Done,False,2026-08-14,2026-09-03,13
WI-000283,PJ-200-01-01,WI-000273,Story,Story 10 for PJ-200-01-01,Blocked,True,2026-01-06,,8
WI-000284,PJ-200-01-01,WI-000273,Story,Story 11 for PJ-200-01-01,In Progress,False,2026-06-07,,8
WI-000285,PJ-200-01-01,WI-000271,Story,Story 12 for PJ-200-01-01,Review,False,2026-08-15,,5
WI-000286,PJ-200-01-01,WI-000273,Story,Story 13 for PJ-200-01-01,Blocked,True,2026-06-14,,1
WI-000287,PJ-200-01-01,WI-000272,Story,Story 14 for PJ-200-01-01,In Progress,False,2026-08-07,,5
WI-000288,PJ-200-01-01,WI-000273,Story,Story 15 for PJ-200-01-01,Backlog,False,2026-03-12,,8
WI-000289,PJ-200-01-02,,Epic,Epic 1 for PJ-200-01-02,In Progress,False,2026-01-15,,
WI-000290,PJ-200-01-02,,Epic,Epic 2 for PJ-200-01-02,In Progress,False,2026-01-15,,
WI-000291,PJ-200-01-02,,Epic,Epic 3 for PJ-200-01-02,In Progress,False,2026-01-15,,
WI-000292,PJ-200-01-02,WI-000291,Story,Story 1 for PJ-200-01-02,Backlog,False,2026-05-13,,2
WI-000293,PJ-200-01-02,WI-000290,Story,Story 2 for PJ-200-01-02,In Progress,False,2026-01-13,,8
WI-000294,PJ-200-01-02,WI-000289,Story,Story 3 for PJ-200-01-02,In Progress,False,2026-04-25,,5
WI-000295,PJ-200-01-02,WI-000289,Story,Story 4 for PJ-200-01-02,In Progress,False,2026-02-19,,8
WI-000296,PJ-200-01-02,WI-000291,Story,Story 5 for PJ-200-01-02,Backlog,False,2026-07-26,,2
WI-000297,PJ-200-01-02,WI-000289,Story,Story 6 for PJ-200-01-02,Review,False,2026-06-26,,2
WI-000298,PJ-200-01-02,WI-000290,Story,Story 7 for PJ-200-01-02,Ready,False,2026-02-20,,3
WI-000299,PJ-200-01-02,WI-000291,Story,Story 8 for PJ-200-01-02,Blocked,True,2026-01-17,,1
WI-000300,PJ-200-01-02,WI-000290,Story,Story 9 for PJ-200-01-02,Review,False,2026-01-08,,1
WI-000301,PJ-200-01-02,WI-000290,Story,Story 10 for PJ-200-01-02,Blocked,True,2026-06-01,,3
WI-000302,PJ-200-01-02,WI-000290,Story,Story 11 for PJ-200-01-02,Backlog,False,2026-03-05,,2
WI-000303,PJ-200-01-02,WI-000290,Story,Story 12 for PJ-200-01-02,Backlog,False,2026-03-29,,8
WI-000304,PJ-200-01-02,WI-000289,Story,Story 13 for PJ-200-01-02,Ready,False,2026-07-23,,8
WI-000305,PJ-200-01-02,WI-000289,Story,Story 14 for PJ-200-01-02,Review,False,2026-06-08,,13
WI-000306,PJ-200-01-02,WI-000289,Story,Story 15 for PJ-200-01-02,Done,False,2026-04-25,2026-05-05,1
WI-000307,PJ-200-01-03,,Epic,Epic 1 for PJ-200-01-03,Backlog,False,2026-01-15,,
WI-000308,PJ-200-01-03,,Epic,Epic 2 for PJ-200-01-03,In Progress,False,2026-01-15,,
WI-000309,PJ-200-01-03,,Epic,Epic 3 for PJ-200-01-03,In Progress,False,2026-01-15,,
WI-000310,PJ-200-01-03,WI-000307,Story,Story 1 for PJ-200-01-03,Blocked,True,2026-08-16,,2
WI-000311,PJ-200-01-03,WI-000307,Story,Story 2 for PJ-200-01-03,Review,False,2026-01-16,,3
WI-000312,PJ-200-01-03,WI-000308,Story,Story 3 for PJ-200-01-03,Blocked,True,2026-06-06,,1
WI-000313,PJ-200-01-03,WI-000307,Story,Story 4 for PJ-200-01-03,Blocked,True,2026-01-27,,8
WI-000314,PJ-200-01-03,WI-000308,Story,Story 5 for PJ-200-01-03,In Progress,False,2026-01-14,,5
WI-000315,PJ-200-01-03,WI-000307,Story,Story 6 for PJ-200-01-03,Done,False,2026-01-25,2026-02-23,8
WI-000316,PJ-200-01-03,WI-000309,Story,Story 7 for PJ-200-01-03,Blocked,True,2026-07-21,,1
WI-000317,PJ-200-01-03,WI-000308,Story,Story 8 for PJ-200-01-03,Review,False,2026-04-27,,5
WI-000318,PJ-200-01-03,WI-000307,Story,Story 9 for PJ-200-01-03,Done,False,2026-08-14,2026-09-25,3
WI-000319,PJ-200-01-03,WI-000307,Story,Story 10 for PJ-200-01-03,Blocked,True,2026-06-16,,5
WI-000320,PJ-200-01-03,WI-000309,Story,Story 11 for PJ-200-01-03,In Progress,False,2026-05-13,,2
WI-000321,PJ-200-01-03,WI-000307,Story,Story 12 for PJ-200-01-03,Backlog,False,2026-01-28,,8
WI-000322,PJ-200-01-03,WI-000309,Story,Story 13 for PJ-200-01-03,Backlog,False,2026-07-02,,2
WI-000323,PJ-200-01-03,WI-000309,Story,Story 14 for PJ-200-01-03,Done,False,2026-08-20,2026-08-31,8
WI-000324,PJ-200-01-03,WI-000308,Story,Story 15 for PJ-200-01-03,In Progress,False,2026-03-07,,5
WI-000325,PJ-200-01-04,,Epic,Epic 1 for PJ-200-01-04,Done,False,2026-01-15,,
WI-000326,PJ-200-01-04,,Epic,Epic 2 for PJ-200-01-04,Done,False,2026-01-15,,
WI-000327,PJ-200-01-04,,Epic,Epic 3 for PJ-200-01-04,In Progress,False,2026-01-15,,
WI-000328,PJ-200-01-04,WI-000325,Story,Story 1 for PJ-200-01-04,Ready,False,2026-02-17,,1
WI-000329,PJ-200-01-04,WI-000326,Story,Story 2 for PJ-200-01-04,Ready,False,2026-01-16,,8
WI-000330,PJ-200-01-04,WI-000326,Story,Story 3 for PJ-200-01-04,Done,False,2026-04-22,2026-06-05,3
WI-000331,PJ-200-01-04,WI-000325,Story,Story 4 for PJ-200-01-04,Done,False,2026-05-30,2026-06-11,5
WI-000332,PJ-200-01-04,WI-000326,Story,Story 5 for PJ-200-01-04,Done,False,2026-03-21,2026-04-14,3
WI-000333,PJ-200-01-04,WI-000327,Story,Story 6 for PJ-200-01-04,Done,False,2026-01-03,2026-02-12,13
WI-000334,PJ-200-01-04,WI-000325,Story,Story 7 for PJ-200-01-04,Backlog,False,2026-02-07,,8
WI-000335,PJ-200-01-04,WI-000326,Story,Story 8 for PJ-200-01-04,Done,False,2026-07-29,2026-08-04,3
WI-000336,PJ-200-01-04,WI-000327,Story,Story 9 for PJ-200-01-04,Ready,False,2026-02-20,,2
WI-000337,PJ-200-01-04,WI-000326,Story,Story 10 for PJ-200-01-04,Backlog,False,2026-07-21,,2
WI-000338,PJ-200-01-04,WI-000327,Story,Story 11 for PJ-200-01-04,Review,False,2026-06-20,,13
WI-000339,PJ-200-01-04,WI-000327,Story,Story 12 for PJ-200-01-04,Done,False,2026-04-30,2026-05-24,8
WI-000340,PJ-200-01-04,WI-000326,Story,Story 13 for PJ-200-01-04,Done,False,2026-03-27,2026-04-18,3
WI-000341,PJ-200-01-04,WI-000326,Story,Story 14 for PJ-200-01-04,Backlog,False,2026-02-11,,1
WI-000342,PJ-200-01-04,WI-000325,Story,Story 15 for PJ-200-01-04,Ready,False,2026-05-07,,13
WI-000343,PJ-200-01-05,,Epic,Epic 1 for PJ-200-01-05,Backlog,False,2026-01-15,,
WI-000344,PJ-200-01-05,,Epic,Epic 2 for PJ-200-01-05,Done,False,2026-01-15,,
WI-000345,PJ-200-01-05,,Epic,Epic 3 for PJ-200-01-05,Backlog,False,2026-01-15,,
WI-000346,PJ-200-01-05,WI-000343,Story,Story 1 for PJ-200-01-05,Done,False,2026-04-30,2026-05-16,5
WI-000347,PJ-200-01-05,WI-000345,Story,Story 2 for PJ-200-01-05,In Progress,False,2026-07-08,,5
WI-000348,PJ-200-01-05,WI-000343,Story,Story 3 for PJ-200-01-05,Review,False,2026-02-22,,1
WI-000349,PJ-200-01-05,WI-000343,Story,Story 4 for PJ-200-01-05,Backlog,False,2026-04-03,,3
WI-000350,PJ-200-01-05,WI-000343,Story,Story 5 for PJ-200-01-05,Done,False,2026-01-08,2026-01-18,3
WI-000351,PJ-200-01-05,WI-000345,Story,Story 6 for PJ-200-01-05,Ready,False,2026-04-23,,8
WI-000352,PJ-200-01-05,WI-000343,Story,Story 7 for PJ-200-01-05,In Progress,False,2026-08-22,,1
WI-000353,PJ-200-01-05,WI-000344,Story,Story 8 for PJ-200-01-05,Ready,False,2026-02-20,,2
WI-000354,PJ-200-01-05,WI-000345,Story,Story 9 for PJ-200-01-05,In Progress,False,2026-02-26,,2
WI-000355,PJ-200-01-05,WI-000343,Story,Story 10 for PJ-200-01-05,Done,False,2026-03-28,2026-04-15,2
WI-000356,PJ-200-01-05,WI-000344,Story,Story 11 for PJ-200-01-05,Ready,False,2026-01-06,,1
WI-000357,PJ-200-01-05,WI-000343,Story,Story 12 for PJ-200-01-05,Blocked,True,2026-01-06,,5
WI-000358,PJ-200-01-05,WI-000344,Story,Story 13 for PJ-200-01-05,Backlog,False,2026-06-17,,2
WI-000359,PJ-200-01-05,WI-000343,Story,Story 14 for PJ-200-01-05,Review,False,2026-03-20,,3
WI-000360,PJ-200-01-05,WI-000345,Story,Story 15 for PJ-200-01-05,In Progress,False,2026-07-27,,2
WI-000361,PJ-200-02-01,,Epic,Epic 1 for PJ-200-02-01,Done,False,2026-01-15,,
WI-000362,PJ-200-02-01,,Epic,Epic 2 for PJ-200-02-01,Done,False,2026-01-15,,
WI-000363,PJ-200-02-01,,Epic,Epic 3 for PJ-200-02-01,In Progress,False,2026-01-15,,
WI-000364,PJ-200-02-01,WI-000361,Story,Story 1 for PJ-200-02-01,Blocked,True,2026-08-13,,1
WI-000365,PJ-200-02-01,WI-000361,Story,Story 2 for PJ-200-02-01,Ready,False,2026-02-06,,2
WI-000366,PJ-200-02-01,WI-000363,Story,Story 3 for PJ-200-02-01,Review,False,2026-05-17,,3
WI-000367,PJ-200-02-01,WI-000363,Story,Story 4 for PJ-200-02-01,Done,False,2026-03-23,2026-04-22,2
WI-000368,PJ-200-02-01,WI-000363,Story,Story 5 for PJ-200-02-01,Backlog,False,2026-08-24,,8
WI-000369,PJ-200-02-01,WI-000361,Story,Story 6 for PJ-200-02-01,Done,False,2026-02-18,2026-03-11,3
WI-000370,PJ-200-02-01,WI-000363,Story,Story 7 for PJ-200-02-01,Backlog,False,2026-03-05,,3
WI-000371,PJ-200-02-01,WI-000363,Story,Story 8 for PJ-200-02-01,Ready,False,2026-08-12,,8
WI-000372,PJ-200-02-01,WI-000361,Story,Story 9 for PJ-200-02-01,Review,False,2026-08-15,,13
WI-000373,PJ-200-02-01,WI-000363,Story,Story 10 for PJ-200-02-01,Review,False,2026-01-21,,8
WI-000374,PJ-200-02-01,WI-000363,Story,Story 11 for PJ-200-02-01,Ready,False,2026-01-17,,5
WI-000375,PJ-200-02-01,WI-000363,Story,Story 12 for PJ-200-02-01,Blocked,True,2026-07-12,,3
WI-000376,PJ-200-02-01,WI-000361,Story,Story 13 for PJ-200-02-01,Done,False,2026-05-08,2026-06-09,3
WI-000377,PJ-200-02-01,WI-000363,Story,Story 14 for PJ-200-02-01,In Progress,False,2026-07-02,,13
WI-000378,PJ-200-02-01,WI-000362,Story,Story 15 for PJ-200-02-01,Blocked,True,2026-05-04,,5
WI-000379,PJ-200-02-02,,Epic,Epic 1 for PJ-200-02-02,In Progress,False,2026-01-15,,
WI-000380,PJ-200-02-02,,Epic,Epic 2 for PJ-200-02-02,Done,False,2026-01-15,,
WI-000381,PJ-200-02-02,,Epic,Epic 3 for PJ-200-02-02,In Progress,False,2026-01-15,,
WI-000382,PJ-200-02-02,WI-000379,Story,Story 1 for PJ-200-02-02,Done,False,2026-06-13,2026-07-27,2
WI-000383,PJ-200-02-02,WI-000380,Story,Story 2 for PJ-200-02-02,Ready,False,2026-02-26,,2
WI-000384,PJ-200-02-02,WI-000380,Story,Story 3 for PJ-200-02-02,Ready,False,2026-04-12,,5
WI-000385,PJ-200-02-02,WI-000381,Story,Story 4 for PJ-200-02-02,Review,False,2026-08-16,,2
WI-000386,PJ-200-02-02,WI-000380,Story,Story 5 for PJ-200-02-02,In Progress,False,2026-08-28,,8
WI-000387,PJ-200-02-02,WI-000379,Story,Story 6 for PJ-200-02-02,Ready,False,2026-01-22,,3
WI-000388,PJ-200-02-02,WI-000379,Story,Story 7 for PJ-200-02-02,Done,False,2026-04-24,2026-05-19,8
WI-000389,PJ-200-02-02,WI-000381,Story,Story 8 for PJ-200-02-02,Review,False,2026-01-11,,8
WI-000390,PJ-200-02-02,WI-000380,Story,Story 9 for PJ-200-02-02,Review,False,2026-03-28,,5
WI-000391,PJ-200-02-02,WI-000380,Story,Story 10 for PJ-200-02-02,Review,False,2026-04-21,,5
WI-000392,PJ-200-02-02,WI-000380,Story,Story 11 for PJ-200-02-02,In Progress,False,2026-03-23,,1
WI-000393,PJ-200-02-02,WI-000379,Story,Story 12 for PJ-200-02-02,Review,False,2026-02-15,,3
WI-000394,PJ-200-02-02,WI-000380,Story,Story 13 for PJ-200-02-02,Backlog,False,2026-06-15,,1
WI-000395,PJ-200-02-02,WI-000381,Story,Story 14 for PJ-200-02-02,Done,False,2026-03-17,2026-04-21,13
WI-000396,PJ-200-02-02,WI-000379,Story,Story 15 for PJ-200-02-02,In Progress,False,2026-01-21,,1
WI-000397,PJ-200-02-03,,Epic,Epic 1 for PJ-200-02-03,Backlog,False,2026-01-15,,
WI-000398,PJ-200-02-03,,Epic,Epic 2 for PJ-200-02-03,Backlog,False,2026-01-15,,
WI-000399,PJ-200-02-03,,Epic,Epic 3 for PJ-200-02-03,In Progress,False,2026-01-15,,
WI-000400,PJ-200-02-03,WI-000398,Story,Story 1 for PJ-200-02-03,Done,False,2026-01-10,2026-01-25,2
WI-000401,PJ-200-02-03,WI-000398,Story,Story 2 for PJ-200-02-03,In Progress,False,2026-06-22,,3
WI-000402,PJ-200-02-03,WI-000398,Story,Story 3 for PJ-200-02-03,Blocked,True,2026-07-10,,2
WI-000403,PJ-200-02-03,WI-000399,Story,Story 4 for PJ-200-02-03,Done,False,2026-06-30,2026-07-11,13
WI-000404,PJ-200-02-03,WI-000397,Story,Story 5 for PJ-200-02-03,In Progress,False,2026-05-20,,3
WI-000405,PJ-200-02-03,WI-000398,Story,Story 6 for PJ-200-02-03,In Progress,False,2026-03-14,,5
WI-000406,PJ-200-02-03,WI-000397,Story,Story 7 for PJ-200-02-03,Done,False,2026-07-30,2026-09-12,5
WI-000407,PJ-200-02-03,WI-000398,Story,Story 8 for PJ-200-02-03,Done,False,2026-06-17,2026-06-29,2
WI-000408,PJ-200-02-03,WI-000399,Story,Story 9 for PJ-200-02-03,Blocked,True,2026-02-28,,2
WI-000409,PJ-200-02-03,WI-000399,Story,Story 10 for PJ-200-02-03,Ready,False,2026-05-02,,8
WI-000410,PJ-200-02-03,WI-000399,Story,Story 11 for PJ-200-02-03,Done,False,2026-07-21,2026-08-22,5
WI-000411,PJ-200-02-03,WI-000398,Story,Story 12 for PJ-200-02-03,Backlog,False,2026-03-29,,2
WI-000412,PJ-200-02-03,WI-000398,Story,Story 13 for PJ-200-02-03,Blocked,True,2026-04-20,,2
WI-000413,PJ-200-02-03,WI-000399,Story,Story 14 for PJ-200-02-03,Review,False,2026-04-23,,1
WI-000414,PJ-200-02-03,WI-000399,Story,Story 15 for PJ-200-02-03,Ready,False,2026-04-06,,2
WI-000415,PJ-200-02-04,,Epic,Epic 1 for PJ-200-02-04,In Progress,False,2026-01-15,,
WI-000416,PJ-200-02-04,,Epic,Epic 2 for PJ-200-02-04,Done,False,2026-01-15,,
WI-000417,PJ-200-02-04,,Epic,Epic 3 for PJ-200-02-04,Backlog,False,2026-01-15,,
WI-000418,PJ-200-02-04,WI-000416,Story,Story 1 for PJ-200-02-04,Blocked,True,2026-05-08,,3
WI-000419,PJ-200-02-04,WI-000416,Story,Story 2 for PJ-200-02-04,Review,False,2026-02-27,,13
WI-000420,PJ-200-02-04,WI-000417,Story,Story 3 for PJ-200-02-04,Review,False,2026-07-12,,8
WI-000421,PJ-200-02-04,WI-000417,Story,Story 4 for PJ-200-02-04,In Progress,False,2026-03-18,,1
WI-000422,PJ-200-02-04,WI-000415,Story,Story 5 for PJ-200-02-04,Backlog,False,2026-05-26,,2
WI-000423,PJ-200-02-04,WI-000417,Story,Story 6 for PJ-200-02-04,Done,False,2026-03-26,2026-05-08,8
WI-000424,PJ-200-02-04,WI-000416,Story,Story 7 for PJ-200-02-04,Review,False,2026-05-27,,2
WI-000425,PJ-200-02-04,WI-000417,Story,Story 8 for PJ-200-02-04,Backlog,False,2026-04-11,,5
WI-000426,PJ-200-02-04,WI-000415,Story,Story 9 for PJ-200-02-04,Review,False,2026-02-18,,3
WI-000427,PJ-200-02-04,WI-000417,Story,Story 10 for PJ-200-02-04,Review,False,2026-05-26,,3
WI-000428,PJ-200-02-04,WI-000415,Story,Story 11 for PJ-200-02-04,Ready,False,2026-01-24,,13
WI-000429,PJ-200-02-04,WI-000415,Story,Story 12 for PJ-200-02-04,Ready,False,2026-05-22,,13
WI-000430,PJ-200-02-04,WI-000415,Story,Story 13 for PJ-200-02-04,Review,False,2026-06-04,,2
WI-000431,PJ-200-02-04,WI-000416,Story,Story 14 for PJ-200-02-04,Backlog,False,2026-02-20,,3
WI-000432,PJ-200-02-04,WI-000416,Story,Story 15 for PJ-200-02-04,Ready,False,2026-02-22,,13
WI-000433,PJ-200-02-05,,Epic,Epic 1 for PJ-200-02-05,Done,False,2026-01-15,,
WI-000434,PJ-200-02-05,,Epic,Epic 2 for PJ-200-02-05,Backlog,False,2026-01-15,,
WI-000435,PJ-200-02-05,,Epic,Epic 3 for PJ-200-02-05,In Progress,False,2026-01-15,,
WI-000436,PJ-200-02-05,WI-000435,Story,Story 1 for PJ-200-02-05,In Progress,False,2026-01-15,,1
WI-000437,PJ-200-02-05,WI-000434,Story,Story 2 for PJ-200-02-05,In Progress,False,2026-02-13,,5
WI-000438,PJ-200-02-05,WI-000433,Story,Story 3 for PJ-200-02-05,Backlog,False,2026-02-10,,8
WI-000439,PJ-200-02-05,WI-000435,Story,Story 4 for PJ-200-02-05,Review,False,2026-04-18,,1
WI-000440,PJ-200-02-05,WI-000433,Story,Story 5 for PJ-200-02-05,Ready,False,2026-04-10,,2
WI-000441,PJ-200-02-05,WI-000435,Story,Story 6 for PJ-200-02-05,Review,False,2026-03-21,,13
WI-000442,PJ-200-02-05,WI-000435,Story,Story 7 for PJ-200-02-05,Ready,False,2026-05-02,,8
WI-000443,PJ-200-02-05,WI-000435,Story,Story 8 for PJ-200-02-05,In Progress,False,2026-08-29,,2
WI-000444,PJ-200-02-05,WI-000435,Story,Story 9 for PJ-200-02-05,Blocked,True,2026-05-09,,5
WI-000445,PJ-200-02-05,WI-000433,Story,Story 10 for PJ-200-02-05,Ready,False,2026-03-12,,2
WI-000446,PJ-200-02-05,WI-000434,Story,Story 11 for PJ-200-02-05,Backlog,False,2026-04-25,,8
WI-000447,PJ-200-02-05,WI-000435,Story,Story 12 for PJ-200-02-05,Ready,False,2026-07-26,,3
WI-000448,PJ-200-02-05,WI-000434,Story,Story 13 for PJ-200-02-05,Done,False,2026-08-22,2026-09-25,5
WI-000449,PJ-200-02-05,WI-000435,Story,Story 14 for PJ-200-02-05,Backlog,False,2026-05-28,,1
WI-000450,PJ-200-02-05,WI-000434,Story,Story 15 for PJ-200-02-05,Blocked,True,2026-03-15,,3
WI-000451,PJ-200-03-01,,Epic,Epic 1 for PJ-200-03-01,Done,False,2026-01-15,,
WI-000452,PJ-200-03-01,,Epic,Epic 2 for PJ-200-03-01,Done,False,2026-01-15,,
WI-000453,PJ-200-03-01,,Epic,Epic 3 for PJ-200-03-01,In Progress,False,2026-01-15,,
WI-000454,PJ-200-03-01,WI-000452,Story,Story 1 for PJ-200-03-01,Done,False,2026-04-11,2026-04-25,2
WI-000455,PJ-200-03-01,WI-000452,Story,Story 2 for PJ-200-03-01,Done,False,2026-02-15,2026-03-17,5
WI-000456,PJ-200-03-01,WI-000451,Story,Story 3 for PJ-200-03-01,Blocked,True,2026-08-22,,13
WI-000457,PJ-200-03-01,WI-000452,Story,Story 4 for PJ-200-03-01,Backlog,False,2026-05-26,,13
WI-000458,PJ-200-03-01,WI-000451,Story,Story 5 for PJ-200-03-01,Ready,False,2026-01-12,,3
WI-000459,PJ-200-03-01,WI-000453,Story,Story 6 for PJ-200-03-01,Blocked,True,2026-08-14,,3
WI-000460,PJ-200-03-01,WI-000453,Story,Story 7 for PJ-200-03-01,Backlog,False,2026-06-20,,13
WI-000461,PJ-200-03-01,WI-000452,Story,Story 8 for PJ-200-03-01,Ready,False,2026-07-04,,5
WI-000462,PJ-200-03-01,WI-000452,Story,Story 9 for PJ-200-03-01,Done,False,2026-07-15,2026-07-25,1
WI-000463,PJ-200-03-01,WI-000453,Story,Story 10 for PJ-200-03-01,Backlog,False,2026-07-13,,3
WI-000464,PJ-200-03-01,WI-000451,Story,Story 11 for PJ-200-03-01,Review,False,2026-04-15,,3
WI-000465,PJ-200-03-01,WI-000452,Story,Story 12 for PJ-200-03-01,Done,False,2026-02-23,2026-02-28,1
WI-000466,PJ-200-03-01,WI-000453,Story,Story 13 for PJ-200-03-01,Blocked,True,2026-01-19,,13
WI-000467,PJ-200-03-01,WI-000452,Story,Story 14 for PJ-200-03-01,Review,False,2026-07-11,,3
WI-000468,PJ-200-03-01,WI-000451,Story,Story 15 for PJ-200-03-01,Review,False,2026-07-10,,5
WI-000469,PJ-200-03-02,,Epic,Epic 1 for PJ-200-03-02,Backlog,False,2026-01-15,,
WI-000470,PJ-200-03-02,,Epic,Epic 2 for PJ-200-03-02,Backlog,False,2026-01-15,,
WI-000471,PJ-200-03-02,,Epic,Epic 3 for PJ-200-03-02,In Progress,False,2026-01-15,,
WI-000472,PJ-200-03-02,WI-000469,Story,Story 1 for PJ-200-03-02,Blocked,True,2026-01-30,,3
WI-000473,PJ-200-03-02,WI-000470,Story,Story 2 for PJ-200-03-02,Blocked,True,2026-06-21,,5
WI-000474,PJ-200-03-02,WI-000469,Story,Story 3 for PJ-200-03-02,Backlog,False,2026-04-29,,8
WI-000475,PJ-200-03-02,WI-000471,Story,Story 4 for PJ-200-03-02,Ready,False,2026-06-18,,5
WI-000476,PJ-200-03-02,WI-000470,Story,Story 5 for PJ-200-03-02,Review,False,2026-02-05,,2
WI-000477,PJ-200-03-02,WI-000471,Story,Story 6 for PJ-200-03-02,Backlog,False,2026-02-13,,1
WI-000478,PJ-200-03-02,WI-000469,Story,Story 7 for PJ-200-03-02,In Progress,False,2026-02-15,,8
WI-000479,PJ-200-03-02,WI-000469,Story,Story 8 for PJ-200-03-02,Review,False,2026-07-09,,1
WI-000480,PJ-200-03-02,WI-000471,Story,Story 9 for PJ-200-03-02,Backlog,False,2026-06-21,,3
WI-000481,PJ-200-03-02,WI-000470,Story,Story 10 for PJ-200-03-02,Review,False,2026-02-09,,2
WI-000482,PJ-200-03-02,WI-000469,Story,Story 11 for PJ-200-03-02,Blocked,True,2026-02-25,,13
WI-000483,PJ-200-03-02,WI-000470,Story,Story 12 for PJ-200-03-02,Ready,False,2026-05-17,,13
WI-000484,PJ-200-03-02,WI-000471,Story,Story 13 for PJ-200-03-02,Blocked,True,2026-01-13,,13
WI-000485,PJ-200-03-02,WI-000471,Story,Story 14 for PJ-200-03-02,Blocked,True,2026-06-19,,1
WI-000486,PJ-200-03-02,WI-000470,Story,Story 15 for PJ-200-03-02,Blocked,True,2026-04-10,,5
WI-000487,PJ-200-03-03,,Epic,Epic 1 for PJ-200-03-03,Backlog,False,2026-01-15,,
WI-000488,PJ-200-03-03,,Epic,Epic 2 for PJ-200-03-03,Done,False,2026-01-15,,
WI-000489,PJ-200-03-03,,Epic,Epic 3 for PJ-200-03-03,Backlog,False,2026-01-15,,
WI-000490,PJ-200-03-03,WI-000487,Story,Story 1 for PJ-200-03-03,Review,False,2026-01-13,,2
WI-000491,PJ-200-03-03,WI-000487,Story,Story 2 for PJ-200-03-03,Ready,False,2026-04-06,,1
WI-000492,PJ-200-03-03,WI-000487,Story,Story 3 for PJ-200-03-03,Review,False,2026-01-05,,1
WI-000493,PJ-200-03-03,WI-000489,Story,Story 4 for PJ-200-03-03,Ready,False,2026-03-28,,13
WI-000494,PJ-200-03-03,WI-000487,Story,Story 5 for PJ-200-03-03,Ready,False,2026-01-17,,13
WI-000495,PJ-200-03-03,WI-000487,Story,Story 6 for PJ-200-03-03,Blocked,True,2026-02-12,,1
WI-000496,PJ-200-03-03,WI-000488,Story,Story 7 for PJ-200-03-03,Done,False,2026-04-17,2026-04-26,3
WI-000497,PJ-200-03-03,WI-000487,Story,Story 8 for PJ-200-03-03,Blocked,True,2026-05-24,,8
WI-000498,PJ-200-03-03,WI-000488,Story,Story 9 for PJ-200-03-03,Done,False,2026-02-23,2026-03-23,1
WI-000499,PJ-200-03-03,WI-000487,Story,Story 10 for PJ-200-03-03,Ready,False,2026-03-01,,3
WI-000500,PJ-200-03-03,WI-000487,Story,Story 11 for PJ-200-03-03,Ready,False,2026-03-24,,5
WI-000501,PJ-200-03-03,WI-000487,Story,Story 12 for PJ-200-03-03,In Progress,False,2026-06-17,,5
WI-000502,PJ-200-03-03,WI-000487,Story,Story 13 for PJ-200-03-03,Review,False,2026-02-24,,1
WI-000503,PJ-200-03-03,WI-000489,Story,Story 14 for PJ-200-03-03,In Progress,False,2026-06-18,,8
WI-000504,PJ-200-03-03,WI-000487,Story,Story 15 for PJ-200-03-03,Backlog,False,2026-04-05,,2
WI-000505,PJ-200-03-04,,Epic,Epic 1 for PJ-200-03-04,In Progress,False,2026-01-15,,
WI-000506,PJ-200-03-04,,Epic,Epic 2 for PJ-200-03-04,In Progress,False,2026-01-15,,
WI-000507,PJ-200-03-04,,Epic,Epic 3 for PJ-200-03-04,Done,False,2026-01-15,,
WI-000508,PJ-200-03-04,WI-000507,Story,Story 1 for PJ-200-03-04,Backlog,False,2026-05-08,,8
WI-000509,PJ-200-03-04,WI-000506,Story,Story 2 for PJ-200-03-04,Done,False,2026-07-22,2026-08-04,1
WI-000510,PJ-200-03-04,WI-000507,Story,Story 3 for PJ-200-03-04,In Progress,False,2026-06-03,,13
WI-000511,PJ-200-03-04,WI-000507,Story,Story 4 for PJ-200-03-04,Blocked,True,2026-04-10,,2
WI-000512,PJ-200-03-04,WI-000507,Story,Story 5 for PJ-200-03-04,Ready,False,2026-03-27,,13
WI-000513,PJ-200-03-04,WI-000506,Story,Story 6 for PJ-200-03-04,Blocked,True,2026-03-23,,1
WI-000514,PJ-200-03-04,WI-000507,Story,Story 7 for PJ-200-03-04,Backlog,False,2026-03-27,,8
WI-000515,PJ-200-03-04,WI-000507,Story,Story 8 for PJ-200-03-04,Review,False,2026-04-25,,13
WI-000516,PJ-200-03-04,WI-000507,Story,Story 9 for PJ-200-03-04,Ready,False,2026-07-09,,8
WI-000517,PJ-200-03-04,WI-000505,Story,Story 10 for PJ-200-03-04,Backlog,False,2026-06-30,,1
WI-000518,PJ-200-03-04,WI-000506,Story,Story 11 for PJ-200-03-04,Backlog,False,2026-06-07,,2
WI-000519,PJ-200-03-04,WI-000505,Story,Story 12 for PJ-200-03-04,Review,False,2026-07-08,,8
WI-000520,PJ-200-03-04,WI-000505,Story,Story 13 for PJ-200-03-04,Backlog,False,2026-01-21,,3
WI-000521,PJ-200-03-04,WI-000505,Story,Story 14 for PJ-200-03-04,In Progress,False,2026-05-08,,2
WI-000522,PJ-200-03-04,WI-000507,Story,Story 15 for PJ-200-03-04,Ready,False,2026-04-07,,1
WI-000523,PJ-200-03-05,,Epic,Epic 1 for PJ-200-03-05,Backlog,False,2026-01-15,,
WI-000524,PJ-200-03-05,,Epic,Epic 2 for PJ-200-03-05,Done,False,2026-01-15,,
WI-000525,PJ-200-03-05,,Epic,Epic 3 for PJ-200-03-05,Done,False,2026-01-15,,
WI-000526,PJ-200-03-05,WI-000524,Story,Story 1 for PJ-200-03-05,Blocked,True,2026-04-24,,2
WI-000527,PJ-200-03-05,WI-000525,Story,Story 2 for PJ-200-03-05,In Progress,False,2026-03-13,,1
WI-000528,PJ-200-03-05,WI-000525,Story,Story 3 for PJ-200-03-05,Review,False,2026-05-14,,3
WI-000529,PJ-200-03-05,WI-000523,Story,Story 4 for PJ-200-03-05,Backlog,False,2026-07-12,,13
WI-000530,PJ-200-03-05,WI-000523,Story,Story 5 for PJ-200-03-05,In Progress,False,2026-03-26,,2
WI-000531,PJ-200-03-05,WI-000525,Story,Story 6 for PJ-200-03-05,Backlog,False,2026-05-19,,2
WI-000532,PJ-200-03-05,WI-000525,Story,Story 7 for PJ-200-03-05,Blocked,True,2026-07-25,,13
WI-000533,PJ-200-03-05,WI-000525,Story,Story 8 for PJ-200-03-05,Done,False,2026-02-26,2026-03-25,3
WI-000534,PJ-200-03-05,WI-000525,Story,Story 9 for PJ-200-03-05,Review,False,2026-02-16,,1
WI-000535,PJ-200-03-05,WI-000523,Story,Story 10 for PJ-200-03-05,Review,False,2026-01-17,,2
WI-000536,PJ-200-03-05,WI-000523,Story,Story 11 for PJ-200-03-05,Blocked,True,2026-01-14,,2
WI-000537,PJ-200-03-05,WI-000523,Story,Story 12 for PJ-200-03-05,Backlog,False,2026-02-02,,8
WI-000538,PJ-200-03-05,WI-000523,Story,Story 13 for PJ-200-03-05,Ready,False,2026-05-21,,8
WI-000539,PJ-200-03-05,WI-000525,Story,Story 14 for PJ-200-03-05,Review,False,2026-01-21,,5
WI-000540,PJ-200-03-05,WI-000525,Story,Story 15 for PJ-200-03-05,Ready,False,2026-03-21,,2
WI-000541,PJ-300-01-01,,Epic,Epic 1 for PJ-300-01-01,Backlog,False,2026-01-15,,
WI-000542,PJ-300-01-01,,Epic,Epic 2 for PJ-300-01-01,In Progress,False,2026-01-15,,
WI-000543,PJ-300-01-01,,Epic,Epic 3 for PJ-300-01-01,Backlog,False,2026-01-15,,
WI-000544,PJ-300-01-01,WI-000542,Story,Story 1 for PJ-300-01-01,Ready,False,2026-06-05,,3
WI-000545,PJ-300-01-01,WI-000543,Story,Story 2 for PJ-300-01-01,Review,False,2026-05-28,,2
WI-000546,PJ-300-01-01,WI-000541,Story,Story 3 for PJ-300-01-01,Review,False,2026-03-11,,3
WI-000547,PJ-300-01-01,WI-000541,Story,Story 4 for PJ-300-01-01,Review,False,2026-04-12,,5
WI-000548,PJ-300-01-01,WI-000543,Story,Story 5 for PJ-300-01-01,Review,False,2026-04-23,,8
WI-000549,PJ-300-01-01,WI-000541,Story,Story 6 for PJ-300-01-01,Review,False,2026-07-08,,5
WI-000550,PJ-300-01-01,WI-000542,Story,Story 7 for PJ-300-01-01,Review,False,2026-01-06,,1
WI-000551,PJ-300-01-01,WI-000543,Story,Story 8 for PJ-300-01-01,In Progress,False,2026-07-14,,8
WI-000552,PJ-300-01-01,WI-000542,Story,Story 9 for PJ-300-01-01,Done,False,2026-02-09,2026-02-23,5
WI-000553,PJ-300-01-01,WI-000542,Story,Story 10 for PJ-300-01-01,In Progress,False,2026-04-29,,3
WI-000554,PJ-300-01-01,WI-000542,Story,Story 11 for PJ-300-01-01,Done,False,2026-04-07,2026-05-18,1
WI-000555,PJ-300-01-01,WI-000543,Story,Story 12 for PJ-300-01-01,Ready,False,2026-03-27,,5
WI-000556,PJ-300-01-01,WI-000541,Story,Story 13 for PJ-300-01-01,Ready,False,2026-02-20,,1
WI-000557,PJ-300-01-01,WI-000542,Story,Story 14 for PJ-300-01-01,Done,False,2026-01-04,2026-01-30,5
WI-000558,PJ-300-01-01,WI-000542,Story,Story 15 for PJ-300-01-01,Review,False,2026-08-25,,13
WI-000559,PJ-300-01-02,,Epic,Epic 1 for PJ-300-01-02,In Progress,False,2026-01-15,,
WI-000560,PJ-300-01-02,,Epic,Epic 2 for PJ-300-01-02,In Progress,False,2026-01-15,,
WI-000561,PJ-300-01-02,,Epic,Epic 3 for PJ-300-01-02,In Progress,False,2026-01-15,,
WI-000562,PJ-300-01-02,WI-000561,Story,Story 1 for PJ-300-01-02,Blocked,True,2026-03-20,,1
WI-000563,PJ-300-01-02,WI-000559,Story,Story 2 for PJ-300-01-02,Backlog,False,2026-04-15,,5
WI-000564,PJ-300-01-02,WI-000559,Story,Story 3 for PJ-300-01-02,Done,False,2026-08-27,2026-09-09,5
WI-000565,PJ-300-01-02,WI-000560,Story,Story 4 for PJ-300-01-02,Blocked,True,2026-03-07,,8
WI-000566,PJ-300-01-02,WI-000561,Story,Story 5 for PJ-300-01-02,Review,False,2026-07-01,,13
WI-000567,PJ-300-01-02,WI-000559,Story,Story 6 for PJ-300-01-02,Blocked,True,2026-04-05,,13
WI-000568,PJ-300-01-02,WI-000561,Story,Story 7 for PJ-300-01-02,Review,False,2026-04-09,,2
WI-000569,PJ-300-01-02,WI-000559,Story,Story 8 for PJ-300-01-02,Review,False,2026-03-04,,3
WI-000570,PJ-300-01-02,WI-000561,Story,Story 9 for PJ-300-01-02,Blocked,True,2026-06-11,,1
WI-000571,PJ-300-01-02,WI-000561,Story,Story 10 for PJ-300-01-02,Blocked,True,2026-06-28,,2
WI-000572,PJ-300-01-02,WI-000561,Story,Story 11 for PJ-300-01-02,Done,False,2026-03-08,2026-04-09,2
WI-000573,PJ-300-01-02,WI-000561,Story,Story 12 for PJ-300-01-02,Ready,False,2026-03-07,,8
WI-000574,PJ-300-01-02,WI-000559,Story,Story 13 for PJ-300-01-02,Ready,False,2026-06-19,,1
WI-000575,PJ-300-01-02,WI-000561,Story,Story 14 for PJ-300-01-02,Backlog,False,2026-07-17,,13
WI-000576,PJ-300-01-02,WI-000560,Story,Story 15 for PJ-300-01-02,Review,False,2026-08-23,,13
WI-000577,PJ-300-01-03,,Epic,Epic 1 for PJ-300-01-03,Done,False,2026-01-15,,
WI-000578,PJ-300-01-03,,Epic,Epic 2 for PJ-300-01-03,Backlog,False,2026-01-15,,
WI-000579,PJ-300-01-03,,Epic,Epic 3 for PJ-300-01-03,Done,False,2026-01-15,,
WI-000580,PJ-300-01-03,WI-000578,Story,Story 1 for PJ-300-01-03,Ready,False,2026-08-21,,2
WI-000581,PJ-300-01-03,WI-000578,Story,Story 2 for PJ-300-01-03,Review,False,2026-08-01,,13
WI-000582,PJ-300-01-03,WI-000579,Story,Story 3 for PJ-300-01-03,Done,False,2026-03-19,2026-04-25,5
WI-000583,PJ-300-01-03,WI-000579,Story,Story 4 for PJ-300-01-03,In Progress,False,2026-05-31,,5
WI-000584,PJ-300-01-03,WI-000577,Story,Story 5 for PJ-300-01-03,Blocked,True,2026-07-12,,1
WI-000585,PJ-300-01-03,WI-000577,Story,Story 6 for PJ-300-01-03,Done,False,2026-06-12,2026-07-07,3
WI-000586,PJ-300-01-03,WI-000579,Story,Story 7 for PJ-300-01-03,Ready,False,2026-07-11,,5
WI-000587,PJ-300-01-03,WI-000577,Story,Story 8 for PJ-300-01-03,In Progress,False,2026-06-28,,2
WI-000588,PJ-300-01-03,WI-000577,Story,Story 9 for PJ-300-01-03,Review,False,2026-07-28,,1
WI-000589,PJ-300-01-03,WI-000578,Story,Story 10 for PJ-300-01-03,Blocked,True,2026-01-18,,8
WI-000590,PJ-300-01-03,WI-000578,Story,Story 11 for PJ-300-01-03,Blocked,True,2026-04-17,,13
WI-000591,PJ-300-01-03,WI-000577,Story,Story 12 for PJ-300-01-03,Ready,False,2026-04-21,,3
WI-000592,PJ-300-01-03,WI-000577,Story,Story 13 for PJ-300-01-03,Blocked,True,2026-02-17,,2
WI-000593,PJ-300-01-03,WI-000579,Story,Story 14 for PJ-300-01-03,Ready,False,2026-05-05,,1
WI-000594,PJ-300-01-03,WI-000577,Story,Story 15 for PJ-300-01-03,Done,False,2026-04-26,2026-05-12,2
WI-000595,PJ-300-01-04,,Epic,Epic 1 for PJ-300-01-04,Backlog,False,2026-01-15,,
WI-000596,PJ-300-01-04,,Epic,Epic 2 for PJ-300-01-04,Done,False,2026-01-15,,
WI-000597,PJ-300-01-04,,Epic,Epic 3 for PJ-300-01-04,Backlog,False,2026-01-15,,
WI-000598,PJ-300-01-04,WI-000596,Story,Story 1 for PJ-300-01-04,Ready,False,2026-07-27,,5
WI-000599,PJ-300-01-04,WI-000597,Story,Story 2 for PJ-300-01-04,Blocked,True,2026-04-23,,1
WI-000600,PJ-300-01-04,WI-000595,Story,Story 3 for PJ-300-01-04,Blocked,True,2026-08-11,,1
WI-000601,PJ-300-01-04,WI-000596,Story,Story 4 for PJ-300-01-04,Backlog,False,2026-03-17,,1
WI-000602,PJ-300-01-04,WI-000596,Story,Story 5 for PJ-300-01-04,Backlog,False,2026-03-12,,1
WI-000603,PJ-300-01-04,WI-000596,Story,Story 6 for PJ-300-01-04,Ready,False,2026-05-30,,5
WI-000604,PJ-300-01-04,WI-000595,Story,Story 7 for PJ-300-01-04,Backlog,False,2026-06-22,,1
WI-000605,PJ-300-01-04,WI-000597,Story,Story 8 for PJ-300-01-04,Backlog,False,2026-03-10,,8
WI-000606,PJ-300-01-04,WI-000595,Story,Story 9 for PJ-300-01-04,Backlog,False,2026-07-22,,2
WI-000607,PJ-300-01-04,WI-000596,Story,Story 10 for PJ-300-01-04,Backlog,False,2026-05-14,,8
WI-000608,PJ-300-01-04,WI-000596,Story,Story 11 for PJ-300-01-04,In Progress,False,2026-05-14,,5
WI-000609,PJ-300-01-04,WI-000597,Story,Story 12 for PJ-300-01-04,In Progress,False,2026-07-13,,5
WI-000610,PJ-300-01-04,WI-000597,Story,Story 13 for PJ-300-01-04,In Progress,False,2026-03-28,,3
WI-000611,PJ-300-01-04,WI-000596,Story,Story 14 for PJ-300-01-04,Ready,False,2026-03-22,,13
WI-000612,PJ-300-01-04,WI-000597,Story,Story 15 for PJ-300-01-04,Review,False,2026-04-13,,1
WI-000613,PJ-300-01-05,,Epic,Epic 1 for PJ-300-01-05,In Progress,False,2026-01-15,,
WI-000614,PJ-300-01-05,,Epic,Epic 2 for PJ-300-01-05,In Progress,False,2026-01-15,,
WI-000615,PJ-300-01-05,,Epic,Epic 3 for PJ-300-01-05,Backlog,False,2026-01-15,,
WI-000616,PJ-300-01-05,WI-000615,Story,Story 1 for PJ-300-01-05,Review,False,2026-01-01,,5
WI-000617,PJ-300-01-05,WI-000613,Story,Story 2 for PJ-300-01-05,Ready,False,2026-07-05,,8
WI-000618,PJ-300-01-05,WI-000615,Story,Story 3 for PJ-300-01-05,Done,False,2026-02-01,2026-02-21,2
WI-000619,PJ-300-01-05,WI-000615,Story,Story 4 for PJ-300-01-05,Review,False,2026-04-05,,13
WI-000620,PJ-300-01-05,WI-000615,Story,Story 5 for PJ-300-01-05,Review,False,2026-06-18,,5
WI-000621,PJ-300-01-05,WI-000613,Story,Story 6 for PJ-300-01-05,Ready,False,2026-06-19,,13
WI-000622,PJ-300-01-05,WI-000613,Story,Story 7 for PJ-300-01-05,In Progress,False,2026-07-28,,13
WI-000623,PJ-300-01-05,WI-000615,Story,Story 8 for PJ-300-01-05,Backlog,False,2026-04-03,,3
WI-000624,PJ-300-01-05,WI-000613,Story,Story 9 for PJ-300-01-05,Review,False,2026-06-23,,8
WI-000625,PJ-300-01-05,WI-000615,Story,Story 10 for PJ-300-01-05,Review,False,2026-05-05,,8
WI-000626,PJ-300-01-05,WI-000614,Story,Story 11 for PJ-300-01-05,Backlog,False,2026-07-23,,5
WI-000627,PJ-300-01-05,WI-000615,Story,Story 12 for PJ-300-01-05,Review,False,2026-08-29,,13
WI-000628,PJ-300-01-05,WI-000615,Story,Story 13 for PJ-300-01-05,Backlog,False,2026-08-20,,5
WI-000629,PJ-300-01-05,WI-000615,Story,Story 14 for PJ-300-01-05,Done,False,2026-03-17,2026-04-01,2
WI-000630,PJ-300-01-05,WI-000615,Story,Story 15 for PJ-300-01-05,Done,False,2026-08-11,2026-09-19,8
WI-000631,PJ-300-02-01,,Epic,Epic 1 for PJ-300-02-01,Backlog,False,2026-01-15,,
WI-000632,PJ-300-02-01,,Epic,Epic 2 for PJ-300-02-01,Backlog,False,2026-01-15,,
WI-000633,PJ-300-02-01,,Epic,Epic 3 for PJ-300-02-01,In Progress,False,2026-01-15,,
WI-000634,PJ-300-02-01,WI-000632,Story,Story 1 for PJ-300-02-01,Backlog,False,2026-07-23,,13
WI-000635,PJ-300-02-01,WI-000631,Story,Story 2 for PJ-300-02-01,Review,False,2026-05-21,,5
WI-000636,PJ-300-02-01,WI-000633,Story,Story 3 for PJ-300-02-01,Review,False,2026-01-30,,8
WI-000637,PJ-300-02-01,WI-000631,Story,Story 4 for PJ-300-02-01,Ready,False,2026-03-03,,2
WI-000638,PJ-300-02-01,WI-000633,Story,Story 5 for PJ-300-02-01,Blocked,True,2026-07-12,,1
WI-000639,PJ-300-02-01,WI-000633,Story,Story 6 for PJ-300-02-01,Review,False,2026-01-28,,1
WI-000640,PJ-300-02-01,WI-000632,Story,Story 7 for PJ-300-02-01,In Progress,False,2026-02-11,,3
WI-000641,PJ-300-02-01,WI-000632,Story,Story 8 for PJ-300-02-01,Blocked,True,2026-02-26,,13
WI-000642,PJ-300-02-01,WI-000631,Story,Story 9 for PJ-300-02-01,Blocked,True,2026-05-02,,13
WI-000643,PJ-300-02-01,WI-000633,Story,Story 10 for PJ-300-02-01,Done,False,2026-02-04,2026-03-19,5
WI-000644,PJ-300-02-01,WI-000632,Story,Story 11 for PJ-300-02-01,Blocked,True,2026-01-24,,2
WI-000645,PJ-300-02-01,WI-000631,Story,Story 12 for PJ-300-02-01,Done,False,2026-08-27,2026-10-07,13
WI-000646,PJ-300-02-01,WI-000633,Story,Story 13 for PJ-300-02-01,Review,False,2026-03-29,,13
WI-000647,PJ-300-02-01,WI-000632,Story,Story 14 for PJ-300-02-01,Blocked,True,2026-07-08,,13
WI-000648,PJ-300-02-01,WI-000631,Story,Story 15 for PJ-300-02-01,Done,False,2026-06-14,2026-07-14,2
WI-000649,PJ-300-02-02,,Epic,Epic 1 for PJ-300-02-02,In Progress,False,2026-01-15,,
WI-000650,PJ-300-02-02,,Epic,Epic 2 for PJ-300-02-02,Backlog,False,2026-01-15,,
WI-000651,PJ-300-02-02,,Epic,Epic 3 for PJ-300-02-02,In Progress,False,2026-01-15,,
WI-000652,PJ-300-02-02,WI-000649,Story,Story 1 for PJ-300-02-02,Backlog,False,2026-01-23,,3
WI-000653,PJ-300-02-02,WI-000651,Story,Story 2 for PJ-300-02-02,Done,False,2026-07-09,2026-07-24,1
WI-000654,PJ-300-02-02,WI-000649,Story,Story 3 for PJ-300-02-02,In Progress,False,2026-05-27,,3
WI-000655,PJ-300-02-02,WI-000650,Story,Story 4 for PJ-300-02-02,Done,False,2026-04-08,2026-04-11,1
WI-000656,PJ-300-02-02,WI-000650,Story,Story 5 for PJ-300-02-02,Done,False,2026-06-01,2026-06-16,5
WI-000657,PJ-300-02-02,WI-000651,Story,Story 6 for PJ-300-02-02,In Progress,False,2026-03-23,,2
WI-000658,PJ-300-02-02,WI-000651,Story,Story 7 for PJ-300-02-02,Blocked,True,2026-05-14,,8
WI-000659,PJ-300-02-02,WI-000650,Story,Story 8 for PJ-300-02-02,Backlog,False,2026-02-26,,1
WI-000660,PJ-300-02-02,WI-000650,Story,Story 9 for PJ-300-02-02,Review,False,2026-05-18,,2
WI-000661,PJ-300-02-02,WI-000649,Story,Story 10 for PJ-300-02-02,In Progress,False,2026-07-28,,5
WI-000662,PJ-300-02-02,WI-000649,Story,Story 11 for PJ-300-02-02,Review,False,2026-06-24,,8
WI-000663,PJ-300-02-02,WI-000651,Story,Story 12 for PJ-300-02-02,Ready,False,2026-03-14,,13
WI-000664,PJ-300-02-02,WI-000649,Story,Story 13 for PJ-300-02-02,Blocked,True,2026-08-06,,8
WI-000665,PJ-300-02-02,WI-000651,Story,Story 14 for PJ-300-02-02,In Progress,False,2026-03-23,,13
WI-000666,PJ-300-02-02,WI-000651,Story,Story 15 for PJ-300-02-02,In Progress,False,2026-02-01,,8
WI-000667,PJ-300-02-03,,Epic,Epic 1 for PJ-300-02-03,In Progress,False,2026-01-15,,
WI-000668,PJ-300-02-03,,Epic,Epic 2 for PJ-300-02-03,Done,False,2026-01-15,,
WI-000669,PJ-300-02-03,,Epic,Epic 3 for PJ-300-02-03,Backlog,False,2026-01-15,,
WI-000670,PJ-300-02-03,WI-000669,Story,Story 1 for PJ-300-02-03,In Progress,False,2026-05-07,,5
WI-000671,PJ-300-02-03,WI-000667,Story,Story 2 for PJ-300-02-03,In Progress,False,2026-01-16,,13
WI-000672,PJ-300-02-03,WI-000667,Story,Story 3 for PJ-300-02-03,Blocked,True,2026-02-23,,13
WI-000673,PJ-300-02-03,WI-000667,Story,Story 4 for PJ-300-02-03,Backlog,False,2026-07-08,,5
WI-000674,PJ-300-02-03,WI-000668,Story,Story 5 for PJ-300-02-03,Review,False,2026-07-06,,13
WI-000675,PJ-300-02-03,WI-000667,Story,Story 6 for PJ-300-02-03,Ready,False,2026-08-22,,8
WI-000676,PJ-300-02-03,WI-000668,Story,Story 7 for PJ-300-02-03,In Progress,False,2026-04-11,,13
WI-000677,PJ-300-02-03,WI-000668,Story,Story 8 for PJ-300-02-03,In Progress,False,2026-05-02,,5
WI-000678,PJ-300-02-03,WI-000668,Story,Story 9 for PJ-300-02-03,Done,False,2026-01-19,2026-02-09,13
WI-000679,PJ-300-02-03,WI-000669,Story,Story 10 for PJ-300-02-03,Ready,False,2026-08-25,,8
WI-000680,PJ-300-02-03,WI-000667,Story,Story 11 for PJ-300-02-03,Backlog,False,2026-04-11,,3
WI-000681,PJ-300-02-03,WI-000669,Story,Story 12 for PJ-300-02-03,Done,False,2026-07-12,2026-07-18,3
WI-000682,PJ-300-02-03,WI-000667,Story,Story 13 for PJ-300-02-03,Blocked,True,2026-04-28,,8
WI-000683,PJ-300-02-03,WI-000669,Story,Story 14 for PJ-300-02-03,Review,False,2026-02-05,,5
WI-000684,PJ-300-02-03,WI-000667,Story,Story 15 for PJ-300-02-03,Ready,False,2026-03-16,,2
WI-000685,PJ-300-02-04,,Epic,Epic 1 for PJ-300-02-04,Done,False,2026-01-15,,
WI-000686,PJ-300-02-04,,Epic,Epic 2 for PJ-300-02-04,Backlog,False,2026-01-15,,
WI-000687,PJ-300-02-04,,Epic,Epic 3 for PJ-300-02-04,Done,False,2026-01-15,,
WI-000688,PJ-300-02-04,WI-000686,Story,Story 1 for PJ-300-02-04,Backlog,False,2026-06-16,,13
WI-000689,PJ-300-02-04,WI-000687,Story,Story 2 for PJ-300-02-04,Done,False,2026-08-08,2026-08-17,2
WI-000690,PJ-300-02-04,WI-000687,Story,Story 3 for PJ-300-02-04,Review,False,2026-04-07,,2
WI-000691,PJ-300-02-04,WI-000685,Story,Story 4 for PJ-300-02-04,Backlog,False,2026-08-26,,3
WI-000692,PJ-300-02-04,WI-000685,Story,Story 5 for PJ-300-02-04,Ready,False,2026-05-02,,1
WI-000693,PJ-300-02-04,WI-000686,Story,Story 6 for PJ-300-02-04,Blocked,True,2026-05-12,,8
WI-000694,PJ-300-02-04,WI-000687,Story,Story 7 for PJ-300-02-04,Ready,False,2026-04-22,,13
WI-000695,PJ-300-02-04,WI-000685,Story,Story 8 for PJ-300-02-04,Ready,False,2026-04-14,,1
WI-000696,PJ-300-02-04,WI-000686,Story,Story 9 for PJ-300-02-04,Review,False,2026-03-03,,3
WI-000697,PJ-300-02-04,WI-000687,Story,Story 10 for PJ-300-02-04,Done,False,2026-06-26,2026-07-10,13
WI-000698,PJ-300-02-04,WI-000687,Story,Story 11 for PJ-300-02-04,Blocked,True,2026-04-07,,13
WI-000699,PJ-300-02-04,WI-000687,Story,Story 12 for PJ-300-02-04,Review,False,2026-01-23,,5
WI-000700,PJ-300-02-04,WI-000687,Story,Story 13 for PJ-300-02-04,Blocked,True,2026-03-12,,5
WI-000701,PJ-300-02-04,WI-000685,Story,Story 14 for PJ-300-02-04,Backlog,False,2026-04-05,,1
WI-000702,PJ-300-02-04,WI-000686,Story,Story 15 for PJ-300-02-04,Backlog,False,2026-01-22,,13
WI-000703,PJ-300-02-05,,Epic,Epic 1 for PJ-300-02-05,Done,False,2026-01-15,,
WI-000704,PJ-300-02-05,,Epic,Epic 2 for PJ-300-02-05,Done,False,2026-01-15,,
WI-000705,PJ-300-02-05,,Epic,Epic 3 for PJ-300-02-05,Backlog,False,2026-01-15,,
WI-000706,PJ-300-02-05,WI-000705,Story,Story 1 for PJ-300-02-05,Done,False,2026-01-06,2026-02-14,5
WI-000707,PJ-300-02-05,WI-000705,Story,Story 2 for PJ-300-02-05,Blocked,True,2026-03-12,,1
WI-000708,PJ-300-02-05,WI-000704,Story,Story 3 for PJ-300-02-05,Done,False,2026-07-23,2026-08-06,5
WI-000709,PJ-300-02-05,WI-000704,Story,Story 4 for PJ-300-02-05,Blocked,True,2026-06-15,,3
WI-000710,PJ-300-02-05,WI-000703,Story,Story 5 for PJ-300-02-05,Ready,False,2026-05-27,,3
WI-000711,PJ-300-02-05,WI-000705,Story,Story 6 for PJ-300-02-05,Blocked,True,2026-01-17,,2
WI-000712,PJ-300-02-05,WI-000703,Story,Story 7 for PJ-300-02-05,Blocked,True,2026-04-14,,5
WI-000713,PJ-300-02-05,WI-000704,Story,Story 8 for PJ-300-02-05,Done,False,2026-05-23,2026-06-28,1
WI-000714,PJ-300-02-05,WI-000705,Story,Story 9 for PJ-300-02-05,Done,False,2026-05-13,2026-06-19,13
WI-000715,PJ-300-02-05,WI-000705,Story,Story 10 for PJ-300-02-05,Ready,False,2026-02-01,,1
WI-000716,PJ-300-02-05,WI-000703,Story,Story 11 for PJ-300-02-05,Done,False,2026-02-16,2026-03-02,8
WI-000717,PJ-300-02-05,WI-000703,Story,Story 12 for PJ-300-02-05,In Progress,False,2026-04-25,,1
WI-000718,PJ-300-02-05,WI-000705,Story,Story 13 for PJ-300-02-05,Done,False,2026-02-02,2026-02-18,2
WI-000719,PJ-300-02-05,WI-000703,Story,Story 14 for PJ-300-02-05,Done,False,2026-01-23,2026-02-11,1
WI-000720,PJ-300-02-05,WI-000704,Story,Story 15 for PJ-300-02-05,Done,False,2026-02-01,2026-02-23,8
WI-000721,PJ-300-03-01,,Epic,Epic 1 for PJ-300-03-01,Backlog,False,2026-01-15,,
WI-000722,PJ-300-03-01,,Epic,Epic 2 for PJ-300-03-01,In Progress,False,2026-01-15,,
WI-000723,PJ-300-03-01,,Epic,Epic 3 for PJ-300-03-01,Done,False,2026-01-15,,
WI-000724,PJ-300-03-01,WI-000722,Story,Story 1 for PJ-300-03-01,Ready,False,2026-01-01,,1
WI-000725,PJ-300-03-01,WI-000723,Story,Story 2 for PJ-300-03-01,In Progress,False,2026-05-13,,8
WI-000726,PJ-300-03-01,WI-000723,Story,Story 3 for PJ-300-03-01,Ready,False,2026-04-24,,5
WI-000727,PJ-300-03-01,WI-000723,Story,Story 4 for PJ-300-03-01,In Progress,False,2026-06-27,,3
WI-000728,PJ-300-03-01,WI-000721,Story,Story 5 for PJ-300-03-01,Done,False,2026-06-05,2026-07-10,13
WI-000729,PJ-300-03-01,WI-000721,Story,Story 6 for PJ-300-03-01,Blocked,True,2026-01-26,,2
WI-000730,PJ-300-03-01,WI-000721,Story,Story 7 for PJ-300-03-01,Ready,False,2026-01-10,,3
WI-000731,PJ-300-03-01,WI-000721,Story,Story 8 for PJ-300-03-01,Ready,False,2026-08-08,,8
WI-000732,PJ-300-03-01,WI-000723,Story,Story 9 for PJ-300-03-01,Ready,False,2026-05-22,,3
WI-000733,PJ-300-03-01,WI-000723,Story,Story 10 for PJ-300-03-01,Ready,False,2026-03-13,,8
WI-000734,PJ-300-03-01,WI-000723,Story,Story 11 for PJ-300-03-01,Backlog,False,2026-04-19,,3
WI-000735,PJ-300-03-01,WI-000723,Story,Story 12 for PJ-300-03-01,Review,False,2026-03-08,,2
WI-000736,PJ-300-03-01,WI-000721,Story,Story 13 for PJ-300-03-01,Review,False,2026-04-13,,3
WI-000737,PJ-300-03-01,WI-000723,Story,Story 14 for PJ-300-03-01,Review,False,2026-06-23,,2
WI-000738,PJ-300-03-01,WI-000721,Story,Story 15 for PJ-300-03-01,Ready,False,2026-05-18,,13
WI-000739,PJ-300-03-02,,Epic,Epic 1 for PJ-300-03-02,Done,False,2026-01-15,,
WI-000740,PJ-300-03-02,,Epic,Epic 2 for PJ-300-03-02,In Progress,False,2026-01-15,,
WI-000741,PJ-300-03-02,,Epic,Epic 3 for PJ-300-03-02,Done,False,2026-01-15,,
WI-000742,PJ-300-03-02,WI-000739,Story,Story 1 for PJ-300-03-02,Blocked,True,2026-06-28,,13
WI-000743,PJ-300-03-02,WI-000741,Story,Story 2 for PJ-300-03-02,Done,False,2026-04-06,2026-05-21,8
WI-000744,PJ-300-03-02,WI-000740,Story,Story 3 for PJ-300-03-02,Ready,False,2026-06-04,,2
WI-000745,PJ-300-03-02,WI-000740,Story,Story 4 for PJ-300-03-02,Review,False,2026-03-22,,1
WI-000746,PJ-300-03-02,WI-000739,Story,Story 5 for PJ-300-03-02,Ready,False,2026-06-04,,3
WI-000747,PJ-300-03-02,WI-000741,Story,Story 6 for PJ-300-03-02,Done,False,2026-02-01,2026-02-11,8
WI-000748,PJ-300-03-02,WI-000740,Story,Story 7 for PJ-300-03-02,Backlog,False,2026-04-15,,13
WI-000749,PJ-300-03-02,WI-000740,Story,Story 8 for PJ-300-03-02,In Progress,False,2026-01-23,,3
WI-000750,PJ-300-03-02,WI-000740,Story,Story 9 for PJ-300-03-02,Ready,False,2026-02-07,,1
WI-000751,PJ-300-03-02,WI-000739,Story,Story 10 for PJ-300-03-02,Review,False,2026-01-26,,5
WI-000752,PJ-300-03-02,WI-000739,Story,Story 11 for PJ-300-03-02,Backlog,False,2026-01-27,,8
WI-000753,PJ-300-03-02,WI-000741,Story,Story 12 for PJ-300-03-02,In Progress,False,2026-07-06,,5
WI-000754,PJ-300-03-02,WI-000741,Story,Story 13 for PJ-300-03-02,Done,False,2026-01-25,2026-02-19,8
WI-000755,PJ-300-03-02,WI-000741,Story,Story 14 for PJ-300-03-02,In Progress,False,2026-08-10,,3
WI-000756,PJ-300-03-02,WI-000739,Story,Story 15 for PJ-300-03-02,Backlog,False,2026-06-05,,2
WI-000757,PJ-300-03-03,,Epic,Epic 1 for PJ-300-03-03,In Progress,False,2026-01-15,,
WI-000758,PJ-300-03-03,,Epic,Epic 2 for PJ-300-03-03,In Progress,False,2026-01-15,,
WI-000759,PJ-300-03-03,,Epic,Epic 3 for PJ-300-03-03,Backlog,False,2026-01-15,,
WI-000760,PJ-300-03-03,WI-000759,Story,Story 1 for PJ-300-03-03,Blocked,True,2026-03-30,,8
WI-000761,PJ-300-03-03,WI-000758,Story,Story 2 for PJ-300-03-03,Done,False,2026-05-22,2026-06-19,8
WI-000762,PJ-300-03-03,WI-000757,Story,Story 3 for PJ-300-03-03,In Progress,False,2026-02-02,,13
WI-000763,PJ-300-03-03,WI-000757,Story,Story 4 for PJ-300-03-03,Blocked,True,2026-05-12,,13
WI-000764,PJ-300-03-03,WI-000758,Story,Story 5 for PJ-300-03-03,Ready,False,2026-02-02,,8
WI-000765,PJ-300-03-03,WI-000757,Story,Story 6 for PJ-300-03-03,In Progress,False,2026-07-08,,13
WI-000766,PJ-300-03-03,WI-000759,Story,Story 7 for PJ-300-03-03,In Progress,False,2026-06-13,,2
WI-000767,PJ-300-03-03,WI-000759,Story,Story 8 for PJ-300-03-03,Done,False,2026-06-23,2026-07-22,5
WI-000768,PJ-300-03-03,WI-000758,Story,Story 9 for PJ-300-03-03,Review,False,2026-02-16,,5
WI-000769,PJ-300-03-03,WI-000758,Story,Story 10 for PJ-300-03-03,In Progress,False,2026-05-09,,5
WI-000770,PJ-300-03-03,WI-000757,Story,Story 11 for PJ-300-03-03,Blocked,True,2026-05-14,,3
WI-000771,PJ-300-03-03,WI-000758,Story,Story 12 for PJ-300-03-03,Backlog,False,2026-06-12,,5
WI-000772,PJ-300-03-03,WI-000757,Story,Story 13 for PJ-300-03-03,In Progress,False,2026-07-17,,13
WI-000773,PJ-300-03-03,WI-000759,Story,Story 14 for PJ-300-03-03,Backlog,False,2026-01-21,,2
WI-000774,PJ-300-03-03,WI-000759,Story,Story 15 for PJ-300-03-03,Ready,False,2026-01-24,,1
WI-000775,PJ-300-03-04,,Epic,Epic 1 for PJ-300-03-04,Backlog,False,2026-01-15,,
WI-000776,PJ-300-03-04,,Epic,Epic 2 for PJ-300-03-04,Done,False,2026-01-15,,
WI-000777,PJ-300-03-04,,Epic,Epic 3 for PJ-300-03-04,In Progress,False,2026-01-15,,
WI-000778,PJ-300-03-04,WI-000775,Story,Story 1 for PJ-300-03-04,Review,False,2026-05-22,,5
WI-000779,PJ-300-03-04,WI-000776,Story,Story 2 for PJ-300-03-04,Done,False,2026-06-23,2026-07-04,5
WI-000780,PJ-300-03-04,WI-000777,Story,Story 3 for PJ-300-03-04,Blocked,True,2026-05-12,,8
WI-000781,PJ-300-03-04,WI-000776,Story,Story 4 for PJ-300-03-04,Backlog,False,2026-06-28,,1
WI-000782,PJ-300-03-04,WI-000777,Story,Story 5 for PJ-300-03-04,Ready,False,2026-06-07,,1
WI-000783,PJ-300-03-04,WI-000777,Story,Story 6 for PJ-300-03-04,Review,False,2026-07-02,,8
WI-000784,PJ-300-03-04,WI-000775,Story,Story 7 for PJ-300-03-04,In Progress,False,2026-07-11,,13
WI-000785,PJ-300-03-04,WI-000775,Story,Story 8 for PJ-300-03-04,Done,False,2026-06-19,2026-07-30,8
WI-000786,PJ-300-03-04,WI-000777,Story,Story 9 for PJ-300-03-04,Ready,False,2026-04-25,,8
WI-000787,PJ-300-03-04,WI-000775,Story,Story 10 for PJ-300-03-04,Ready,False,2026-08-20,,1
WI-000788,PJ-300-03-04,WI-000777,Story,Story 11 for PJ-300-03-04,Ready,False,2026-04-04,,3
WI-000789,PJ-300-03-04,WI-000776,Story,Story 12 for PJ-300-03-04,Review,False,2026-01-14,,5
WI-000790,PJ-300-03-04,WI-000775,Story,Story 13 for PJ-300-03-04,In Progress,False,2026-02-13,,3
WI-000791,PJ-300-03-04,WI-000775,Story,Story 14 for PJ-300-03-04,Blocked,True,2026-08-22,,8
WI-000792,PJ-300-03-04,WI-000776,Story,Story 15 for PJ-300-03-04,Backlog,False,2026-08-06,,3
WI-000793,PJ-300-03-05,,Epic,Epic 1 for PJ-300-03-05,In Progress,False,2026-01-15,,
WI-000794,PJ-300-03-05,,Epic,Epic 2 for PJ-300-03-05,In Progress,False,2026-01-15,,
WI-000795,PJ-300-03-05,,Epic,Epic 3 for PJ-300-03-05,In Progress,False,2026-01-15,,
WI-000796,PJ-300-03-05,WI-000795,Story,Story 1 for PJ-300-03-05,Backlog,False,2026-02-24,,13
WI-000797,PJ-300-03-05,WI-000793,Story,Story 2 for PJ-300-03-05,Review,False,2026-05-26,,3
WI-000798,PJ-300-03-05,WI-000795,Story,Story 3 for PJ-300-03-05,Blocked,True,2026-08-26,,1
WI-000799,PJ-300-03-05,WI-000795,Story,Story 4 for PJ-300-03-05,Review,False,2026-08-28,,5
WI-000800,PJ-300-03-05,WI-000793,Story,Story 5 for PJ-300-03-05,In Progress,False,2026-01-15,,8
WI-000801,PJ-300-03-05,WI-000794,Story,Story 6 for PJ-300-03-05,In Progress,False,2026-04-28,,3
WI-000802,PJ-300-03-05,WI-000794,Story,Story 7 for PJ-300-03-05,Backlog,False,2026-01-28,,13
WI-000803,PJ-300-03-05,WI-000794,Story,Story 8 for PJ-300-03-05,Review,False,2026-02-17,,1
WI-000804,PJ-300-03-05,WI-000794,Story,Story 9 for PJ-300-03-05,Review,False,2026-01-26,,2
WI-000805,PJ-300-03-05,WI-000793,Story,Story 10 for PJ-300-03-05,Done,False,2026-01-22,2026-02-26,5
WI-000806,PJ-300-03-05,WI-000793,Story,Story 11 for PJ-300-03-05,Review,False,2026-02-01,,2
WI-000807,PJ-300-03-05,WI-000794,Story,Story 12 for PJ-300-03-05,Blocked,True,2026-07-16,,2
WI-000808,PJ-300-03-05,WI-000794,Story,Story 13 for PJ-300-03-05,Review,False,2026-05-01,,3
WI-000809,PJ-300-03-05,WI-000793,Story,Story 14 for PJ-300-03-05,Review,False,2026-04-04,,8
WI-000810,PJ-300-03-05,WI-000793,Story,Story 15 for PJ-300-03-05,In Progress,False,2026-07-27,,5
